{
  "type": "Feature",
  "properties": {
    "slug": "dnyaneshwar-2026",
    "name": "Sant Dnyaneshwar Maharaj Palkhi 2026"
  },
  "geometry": {
    "type": "LineString",
    "coordinates": [
      [
        73.898105,
        18.677182
      ],
      [
        73.898285,
        18.677161
      ],
      [
        73.898247,
        18.67666
      ],
      [
        73.898246,
        18.676519
      ],
      [
        73.898247,
        18.676355
      ],
      [
        73.8983,
        18.675907
      ],
      [
        73.898032,
        18.675862
      ],
      [
        73.897235,
        18.67573
      ],
      [
        73.897184,
        18.675705
      ],
      [
        73.897141,
        18.675667
      ],
      [
        73.89713,
        18.675613
      ],
      [
        73.89715,
        18.67543
      ],
      [
        73.897187,
        18.675196
      ],
      [
        73.897191,
        18.675108
      ],
      [
        73.897178,
        18.67502
      ],
      [
        73.897111,
        18.674921
      ],
      [
        73.89707,
        18.674887
      ],
      [
        73.897052,
        18.674873
      ],
      [
        73.897013,
        18.674841
      ],
      [
        73.896985,
        18.674787
      ],
      [
        73.896905,
        18.674757
      ],
      [
        73.89578,
        18.674408
      ],
      [
        73.895634,
        18.674371
      ],
      [
        73.895548,
        18.674343
      ],
      [
        73.895423,
        18.674297
      ],
      [
        73.895373,
        18.674277
      ],
      [
        73.894921,
        18.674094
      ],
      [
        73.894761,
        18.67403
      ],
      [
        73.894641,
        18.673984
      ],
      [
        73.894495,
        18.673923
      ],
      [
        73.894441,
        18.673901
      ],
      [
        73.894064,
        18.673753
      ],
      [
        73.894003,
        18.673728
      ],
      [
        73.893709,
        18.673595
      ],
      [
        73.893523,
        18.673511
      ],
      [
        73.893382,
        18.673439
      ],
      [
        73.893208,
        18.673333
      ],
      [
        73.893111,
        18.673266
      ],
      [
        73.892978,
        18.67308
      ],
      [
        73.892691,
        18.67269
      ],
      [
        73.892452,
        18.672308
      ],
      [
        73.892383,
        18.672198
      ],
      [
        73.892204,
        18.671945
      ],
      [
        73.89208,
        18.671734
      ],
      [
        73.891965,
        18.671548
      ],
      [
        73.891871,
        18.67137
      ],
      [
        73.891842,
        18.671307
      ],
      [
        73.891799,
        18.671218
      ],
      [
        73.891708,
        18.671018
      ],
      [
        73.891639,
        18.670864
      ],
      [
        73.891556,
        18.670683
      ],
      [
        73.891514,
        18.670589
      ],
      [
        73.891483,
        18.670521
      ],
      [
        73.891461,
        18.670472
      ],
      [
        73.89139,
        18.67031
      ],
      [
        73.891373,
        18.670273
      ],
      [
        73.89115,
        18.669766
      ],
      [
        73.891073,
        18.66959
      ],
      [
        73.890981,
        18.66938
      ],
      [
        73.890843,
        18.669071
      ],
      [
        73.890715,
        18.668775
      ],
      [
        73.890672,
        18.668692
      ],
      [
        73.890582,
        18.668507
      ],
      [
        73.890512,
        18.668372
      ],
      [
        73.890489,
        18.668327
      ],
      [
        73.890384,
        18.66824
      ],
      [
        73.890213,
        18.668008
      ],
      [
        73.889905,
        18.667603
      ],
      [
        73.88979,
        18.667441
      ],
      [
        73.889593,
        18.667163
      ],
      [
        73.889418,
        18.666895
      ],
      [
        73.889316,
        18.666747
      ],
      [
        73.889275,
        18.666687
      ],
      [
        73.889264,
        18.666671
      ],
      [
        73.889336,
        18.666488
      ],
      [
        73.889284,
        18.666347
      ],
      [
        73.889139,
        18.6661
      ],
      [
        73.888895,
        18.665803
      ],
      [
        73.888705,
        18.665579
      ],
      [
        73.888348,
        18.665244
      ],
      [
        73.888274,
        18.665174
      ],
      [
        73.887913,
        18.664837
      ],
      [
        73.887643,
        18.664585
      ],
      [
        73.887522,
        18.664472
      ],
      [
        73.887409,
        18.664344
      ],
      [
        73.887285,
        18.664108
      ],
      [
        73.887254,
        18.664003
      ],
      [
        73.887204,
        18.663834
      ],
      [
        73.887103,
        18.663502
      ],
      [
        73.887031,
        18.663229
      ],
      [
        73.886866,
        18.662723
      ],
      [
        73.886824,
        18.662464
      ],
      [
        73.886774,
        18.662142
      ],
      [
        73.886753,
        18.661946
      ],
      [
        73.886749,
        18.661907
      ],
      [
        73.886736,
        18.661773
      ],
      [
        73.886767,
        18.661731
      ],
      [
        73.886781,
        18.661682
      ],
      [
        73.886779,
        18.661654
      ],
      [
        73.886777,
        18.661631
      ],
      [
        73.886756,
        18.661584
      ],
      [
        73.886718,
        18.661547
      ],
      [
        73.886708,
        18.661419
      ],
      [
        73.886702,
        18.661342
      ],
      [
        73.886659,
        18.660842
      ],
      [
        73.88663,
        18.660566
      ],
      [
        73.88659,
        18.660336
      ],
      [
        73.886513,
        18.660008
      ],
      [
        73.886437,
        18.659657
      ],
      [
        73.886323,
        18.659219
      ],
      [
        73.886216,
        18.658835
      ],
      [
        73.886147,
        18.658586
      ],
      [
        73.886085,
        18.65839
      ],
      [
        73.88599,
        18.658018
      ],
      [
        73.885934,
        18.657841
      ],
      [
        73.885882,
        18.657684
      ],
      [
        73.885792,
        18.657381
      ],
      [
        73.885768,
        18.657289
      ],
      [
        73.885744,
        18.657235
      ],
      [
        73.885697,
        18.657093
      ],
      [
        73.885655,
        18.656971
      ],
      [
        73.885449,
        18.656522
      ],
      [
        73.885247,
        18.656119
      ],
      [
        73.885092,
        18.655766
      ],
      [
        73.884846,
        18.655208
      ],
      [
        73.884668,
        18.654799
      ],
      [
        73.884456,
        18.654328
      ],
      [
        73.884332,
        18.654053
      ],
      [
        73.884269,
        18.653871
      ],
      [
        73.8841,
        18.653398
      ],
      [
        73.88399,
        18.653069
      ],
      [
        73.883829,
        18.652617
      ],
      [
        73.883748,
        18.652411
      ],
      [
        73.883673,
        18.652242
      ],
      [
        73.883588,
        18.652075
      ],
      [
        73.883437,
        18.651815
      ],
      [
        73.883371,
        18.651715
      ],
      [
        73.88328,
        18.65158
      ],
      [
        73.883164,
        18.651433
      ],
      [
        73.883063,
        18.651324
      ],
      [
        73.882921,
        18.651182
      ],
      [
        73.882766,
        18.651035
      ],
      [
        73.882669,
        18.650951
      ],
      [
        73.882499,
        18.650797
      ],
      [
        73.882274,
        18.650579
      ],
      [
        73.882168,
        18.650457
      ],
      [
        73.882101,
        18.650352
      ],
      [
        73.88204,
        18.650247
      ],
      [
        73.881968,
        18.650079
      ],
      [
        73.881885,
        18.649868
      ],
      [
        73.881807,
        18.649683
      ],
      [
        73.881702,
        18.649418
      ],
      [
        73.881617,
        18.649205
      ],
      [
        73.881477,
        18.64879
      ],
      [
        73.881353,
        18.648423
      ],
      [
        73.881306,
        18.648294
      ],
      [
        73.881217,
        18.648032
      ],
      [
        73.881149,
        18.647833
      ],
      [
        73.881022,
        18.647442
      ],
      [
        73.880969,
        18.647274
      ],
      [
        73.880844,
        18.646875
      ],
      [
        73.88071,
        18.646436
      ],
      [
        73.880531,
        18.645913
      ],
      [
        73.880361,
        18.645429
      ],
      [
        73.880185,
        18.644925
      ],
      [
        73.880099,
        18.644682
      ],
      [
        73.880016,
        18.644475
      ],
      [
        73.879928,
        18.6443
      ],
      [
        73.879691,
        18.643889
      ],
      [
        73.879447,
        18.643469
      ],
      [
        73.879268,
        18.643154
      ],
      [
        73.879151,
        18.642948
      ],
      [
        73.878903,
        18.64252
      ],
      [
        73.878587,
        18.642035
      ],
      [
        73.878394,
        18.641733
      ],
      [
        73.878215,
        18.641455
      ],
      [
        73.878107,
        18.641303
      ],
      [
        73.877965,
        18.641164
      ],
      [
        73.877651,
        18.640904
      ],
      [
        73.877471,
        18.640735
      ],
      [
        73.877242,
        18.640495
      ],
      [
        73.876794,
        18.64004
      ],
      [
        73.876721,
        18.639961
      ],
      [
        73.876303,
        18.639514
      ],
      [
        73.876115,
        18.639325
      ],
      [
        73.875815,
        18.639012
      ],
      [
        73.87566,
        18.638825
      ],
      [
        73.875537,
        18.638644
      ],
      [
        73.875397,
        18.638429
      ],
      [
        73.875176,
        18.638053
      ],
      [
        73.875102,
        18.63792
      ],
      [
        73.875046,
        18.637805
      ],
      [
        73.874977,
        18.637645
      ],
      [
        73.874948,
        18.637554
      ],
      [
        73.874919,
        18.63745
      ],
      [
        73.874899,
        18.637358
      ],
      [
        73.874879,
        18.637233
      ],
      [
        73.874864,
        18.637067
      ],
      [
        73.874862,
        18.63692
      ],
      [
        73.874892,
        18.636507
      ],
      [
        73.874933,
        18.636084
      ],
      [
        73.875081,
        18.63469
      ],
      [
        73.875106,
        18.634348
      ],
      [
        73.875112,
        18.633967
      ],
      [
        73.875113,
        18.633517
      ],
      [
        73.875106,
        18.633361
      ],
      [
        73.875091,
        18.63306
      ],
      [
        73.875038,
        18.632245
      ],
      [
        73.874972,
        18.631202
      ],
      [
        73.874927,
        18.630532
      ],
      [
        73.874855,
        18.629734
      ],
      [
        73.874637,
        18.627088
      ],
      [
        73.874427,
        18.624709
      ],
      [
        73.874362,
        18.623848
      ],
      [
        73.874357,
        18.62376
      ],
      [
        73.874335,
        18.623364
      ],
      [
        73.874315,
        18.622983
      ],
      [
        73.874289,
        18.622477
      ],
      [
        73.87425,
        18.621589
      ],
      [
        73.874284,
        18.620983
      ],
      [
        73.874278,
        18.62054
      ],
      [
        73.874261,
        18.620321
      ],
      [
        73.874266,
        18.620174
      ],
      [
        73.874265,
        18.620002
      ],
      [
        73.874263,
        18.619893
      ],
      [
        73.874257,
        18.619642
      ],
      [
        73.874259,
        18.619224
      ],
      [
        73.87426,
        18.61911
      ],
      [
        73.874251,
        18.618951
      ],
      [
        73.874227,
        18.618558
      ],
      [
        73.874209,
        18.618285
      ],
      [
        73.874176,
        18.61804
      ],
      [
        73.874138,
        18.617666
      ],
      [
        73.874104,
        18.617366
      ],
      [
        73.874025,
        18.616645
      ],
      [
        73.874012,
        18.616594
      ],
      [
        73.873861,
        18.61598
      ],
      [
        73.873802,
        18.61573
      ],
      [
        73.873645,
        18.615387
      ],
      [
        73.873481,
        18.615199
      ],
      [
        73.873336,
        18.615032
      ],
      [
        73.873127,
        18.614761
      ],
      [
        73.873042,
        18.614555
      ],
      [
        73.872953,
        18.614043
      ],
      [
        73.872927,
        18.613734
      ],
      [
        73.872956,
        18.613434
      ],
      [
        73.872993,
        18.612961
      ],
      [
        73.872961,
        18.612844
      ],
      [
        73.872973,
        18.612772
      ],
      [
        73.873002,
        18.612448
      ],
      [
        73.873222,
        18.609949
      ],
      [
        73.87327,
        18.609323
      ],
      [
        73.873314,
        18.608666
      ],
      [
        73.873322,
        18.608529
      ],
      [
        73.873354,
        18.607975
      ],
      [
        73.873385,
        18.607385
      ],
      [
        73.873393,
        18.607092
      ],
      [
        73.873395,
        18.607014
      ],
      [
        73.873398,
        18.606719
      ],
      [
        73.873385,
        18.606444
      ],
      [
        73.873373,
        18.606198
      ],
      [
        73.873323,
        18.605768
      ],
      [
        73.873221,
        18.605121
      ],
      [
        73.872905,
        18.603236
      ],
      [
        73.872803,
        18.602659
      ],
      [
        73.872775,
        18.602343
      ],
      [
        73.872773,
        18.602112
      ],
      [
        73.872765,
        18.601877
      ],
      [
        73.872788,
        18.60154
      ],
      [
        73.872844,
        18.601214
      ],
      [
        73.872886,
        18.600921
      ],
      [
        73.872979,
        18.600512
      ],
      [
        73.873061,
        18.600094
      ],
      [
        73.873102,
        18.599861
      ],
      [
        73.873112,
        18.599707
      ],
      [
        73.873112,
        18.599614
      ],
      [
        73.873107,
        18.599575
      ],
      [
        73.873099,
        18.599519
      ],
      [
        73.873145,
        18.599445
      ],
      [
        73.873173,
        18.599025
      ],
      [
        73.873331,
        18.597435
      ],
      [
        73.873339,
        18.597292
      ],
      [
        73.873347,
        18.597152
      ],
      [
        73.873347,
        18.596938
      ],
      [
        73.873366,
        18.596532
      ],
      [
        73.873389,
        18.59623
      ],
      [
        73.873413,
        18.595895
      ],
      [
        73.873434,
        18.595648
      ],
      [
        73.873455,
        18.595488
      ],
      [
        73.873505,
        18.595296
      ],
      [
        73.873579,
        18.595051
      ],
      [
        73.873621,
        18.594886
      ],
      [
        73.873668,
        18.594722
      ],
      [
        73.873705,
        18.594545
      ],
      [
        73.873859,
        18.593837
      ],
      [
        73.874192,
        18.592064
      ],
      [
        73.874314,
        18.591447
      ],
      [
        73.874466,
        18.590676
      ],
      [
        73.87448,
        18.590604
      ],
      [
        73.87462,
        18.589955
      ],
      [
        73.874786,
        18.589342
      ],
      [
        73.874904,
        18.588845
      ],
      [
        73.874993,
        18.588374
      ],
      [
        73.875015,
        18.588266
      ],
      [
        73.875047,
        18.588105
      ],
      [
        73.875091,
        18.587803
      ],
      [
        73.875096,
        18.587775
      ],
      [
        73.875135,
        18.587507
      ],
      [
        73.875221,
        18.58693
      ],
      [
        73.87529,
        18.58646
      ],
      [
        73.875297,
        18.586395
      ],
      [
        73.875311,
        18.586269
      ],
      [
        73.875321,
        18.586179
      ],
      [
        73.875321,
        18.585934
      ],
      [
        73.875302,
        18.585464
      ],
      [
        73.875285,
        18.58516
      ],
      [
        73.875278,
        18.585075
      ],
      [
        73.875259,
        18.584764
      ],
      [
        73.87525,
        18.58462
      ],
      [
        73.8752,
        18.584125
      ],
      [
        73.875178,
        18.583635
      ],
      [
        73.875164,
        18.583298
      ],
      [
        73.87514,
        18.582908
      ],
      [
        73.875135,
        18.582812
      ],
      [
        73.875139,
        18.582557
      ],
      [
        73.875144,
        18.582369
      ],
      [
        73.875294,
        18.58207
      ],
      [
        73.875652,
        18.581556
      ],
      [
        73.875793,
        18.581307
      ],
      [
        73.875919,
        18.581085
      ],
      [
        73.876107,
        18.580684
      ],
      [
        73.876259,
        18.580341
      ],
      [
        73.876335,
        18.580047
      ],
      [
        73.876418,
        18.579245
      ],
      [
        73.876451,
        18.578826
      ],
      [
        73.876455,
        18.578761
      ],
      [
        73.876463,
        18.578662
      ],
      [
        73.876477,
        18.578488
      ],
      [
        73.87654,
        18.577345
      ],
      [
        73.876546,
        18.577258
      ],
      [
        73.876646,
        18.575977
      ],
      [
        73.876665,
        18.575729
      ],
      [
        73.876677,
        18.575651
      ],
      [
        73.876696,
        18.575557
      ],
      [
        73.876719,
        18.575499
      ],
      [
        73.87679,
        18.575327
      ],
      [
        73.877061,
        18.574833
      ],
      [
        73.877222,
        18.574535
      ],
      [
        73.878136,
        18.572862
      ],
      [
        73.878179,
        18.572784
      ],
      [
        73.878212,
        18.572719
      ],
      [
        73.878277,
        18.5726
      ],
      [
        73.878362,
        18.572405
      ],
      [
        73.87839,
        18.572343
      ],
      [
        73.878644,
        18.571664
      ],
      [
        73.878799,
        18.571298
      ],
      [
        73.878842,
        18.571186
      ],
      [
        73.87887,
        18.571113
      ],
      [
        73.878897,
        18.571027
      ],
      [
        73.878952,
        18.570843
      ],
      [
        73.879028,
        18.570431
      ],
      [
        73.879054,
        18.570289
      ],
      [
        73.879123,
        18.569954
      ],
      [
        73.879113,
        18.569912
      ],
      [
        73.879119,
        18.569651
      ],
      [
        73.879205,
        18.569267
      ],
      [
        73.879281,
        18.56903
      ],
      [
        73.879327,
        18.568866
      ],
      [
        73.879358,
        18.568744
      ],
      [
        73.879377,
        18.568637
      ],
      [
        73.879412,
        18.568495
      ],
      [
        73.879549,
        18.567814
      ],
      [
        73.879575,
        18.567597
      ],
      [
        73.879569,
        18.567503
      ],
      [
        73.879549,
        18.567394
      ],
      [
        73.879522,
        18.567287
      ],
      [
        73.879489,
        18.567218
      ],
      [
        73.879437,
        18.567128
      ],
      [
        73.879362,
        18.56703
      ],
      [
        73.879243,
        18.566875
      ],
      [
        73.877777,
        18.565362
      ],
      [
        73.87757,
        18.565145
      ],
      [
        73.877448,
        18.565006
      ],
      [
        73.87735,
        18.56488
      ],
      [
        73.877228,
        18.564676
      ],
      [
        73.877156,
        18.564523
      ],
      [
        73.877107,
        18.564338
      ],
      [
        73.87705,
        18.564084
      ],
      [
        73.876989,
        18.563785
      ],
      [
        73.876654,
        18.56108
      ],
      [
        73.876398,
        18.559418
      ],
      [
        73.876103,
        18.558302
      ],
      [
        73.876071,
        18.558208
      ],
      [
        73.875671,
        18.557043
      ],
      [
        73.87561,
        18.556904
      ],
      [
        73.875462,
        18.556568
      ],
      [
        73.875277,
        18.556223
      ],
      [
        73.874881,
        18.555488
      ],
      [
        73.874846,
        18.555415
      ],
      [
        73.874812,
        18.555343
      ],
      [
        73.874799,
        18.555315
      ],
      [
        73.874768,
        18.555229
      ],
      [
        73.874748,
        18.555172
      ],
      [
        73.874706,
        18.555024
      ],
      [
        73.874692,
        18.554966
      ],
      [
        73.874656,
        18.554819
      ],
      [
        73.874482,
        18.554057
      ],
      [
        73.874446,
        18.553941
      ],
      [
        73.874411,
        18.553856
      ],
      [
        73.874354,
        18.553752
      ],
      [
        73.874302,
        18.553673
      ],
      [
        73.874005,
        18.553269
      ],
      [
        73.873357,
        18.552293
      ],
      [
        73.873292,
        18.552195
      ],
      [
        73.87287,
        18.55158
      ],
      [
        73.872762,
        18.551418
      ],
      [
        73.871965,
        18.550074
      ],
      [
        73.871843,
        18.549847
      ],
      [
        73.87133,
        18.549003
      ],
      [
        73.871227,
        18.548829
      ],
      [
        73.871158,
        18.548712
      ],
      [
        73.871292,
        18.548625
      ],
      [
        73.871732,
        18.548342
      ],
      [
        73.87188,
        18.548296
      ],
      [
        73.872445,
        18.547933
      ],
      [
        73.876203,
        18.545516
      ],
      [
        73.876954,
        18.545025
      ],
      [
        73.877057,
        18.544958
      ],
      [
        73.877161,
        18.544889
      ],
      [
        73.877087,
        18.544779
      ],
      [
        73.876341,
        18.543701
      ],
      [
        73.876181,
        18.54348
      ],
      [
        73.875987,
        18.543332
      ],
      [
        73.875908,
        18.543294
      ],
      [
        73.875623,
        18.543158
      ],
      [
        73.872861,
        18.542025
      ],
      [
        73.872435,
        18.54185
      ],
      [
        73.872003,
        18.541697
      ],
      [
        73.871586,
        18.541591
      ],
      [
        73.869334,
        18.541034
      ],
      [
        73.868289,
        18.540775
      ],
      [
        73.867763,
        18.540621
      ],
      [
        73.867148,
        18.540378
      ],
      [
        73.866413,
        18.540017
      ],
      [
        73.866026,
        18.539769
      ],
      [
        73.865816,
        18.539605
      ],
      [
        73.865053,
        18.538865
      ],
      [
        73.864855,
        18.538738
      ],
      [
        73.864665,
        18.538534
      ],
      [
        73.864418,
        18.53827
      ],
      [
        73.864317,
        18.538162
      ],
      [
        73.864107,
        18.537991
      ],
      [
        73.863913,
        18.537843
      ],
      [
        73.863824,
        18.537687
      ],
      [
        73.863156,
        18.537242
      ],
      [
        73.862909,
        18.537084
      ],
      [
        73.862706,
        18.5369
      ],
      [
        73.862555,
        18.536736
      ],
      [
        73.862306,
        18.536308
      ],
      [
        73.861982,
        18.535753
      ],
      [
        73.861718,
        18.535258
      ],
      [
        73.861706,
        18.535226
      ],
      [
        73.861297,
        18.534183
      ],
      [
        73.86119,
        18.533956
      ],
      [
        73.861121,
        18.533852
      ],
      [
        73.861033,
        18.533757
      ],
      [
        73.860819,
        18.533595
      ],
      [
        73.860237,
        18.533152
      ],
      [
        73.860029,
        18.532992
      ],
      [
        73.859927,
        18.532922
      ],
      [
        73.859766,
        18.532833
      ],
      [
        73.859636,
        18.532789
      ],
      [
        73.859484,
        18.532764
      ],
      [
        73.859055,
        18.532761
      ],
      [
        73.858683,
        18.532782
      ],
      [
        73.857937,
        18.532862
      ],
      [
        73.857661,
        18.53286
      ],
      [
        73.857464,
        18.532829
      ],
      [
        73.856263,
        18.532588
      ],
      [
        73.855049,
        18.532348
      ],
      [
        73.854885,
        18.532356
      ],
      [
        73.854753,
        18.532337
      ],
      [
        73.854581,
        18.532304
      ],
      [
        73.854455,
        18.532283
      ],
      [
        73.854314,
        18.532248
      ],
      [
        73.854197,
        18.53222
      ],
      [
        73.854065,
        18.53217
      ],
      [
        73.853937,
        18.532086
      ],
      [
        73.853905,
        18.532015
      ],
      [
        73.853889,
        18.531912
      ],
      [
        73.8539,
        18.531813
      ],
      [
        73.854135,
        18.531583
      ],
      [
        73.854607,
        18.531121
      ],
      [
        73.854918,
        18.530815
      ],
      [
        73.854937,
        18.530704
      ],
      [
        73.855337,
        18.530349
      ],
      [
        73.855435,
        18.530258
      ],
      [
        73.855419,
        18.530243
      ],
      [
        73.85541,
        18.530234
      ],
      [
        73.855352,
        18.530209
      ],
      [
        73.855279,
        18.530199
      ],
      [
        73.855216,
        18.5302
      ],
      [
        73.855025,
        18.530213
      ],
      [
        73.854707,
        18.530197
      ],
      [
        73.854183,
        18.530171
      ],
      [
        73.854092,
        18.530154
      ],
      [
        73.854049,
        18.530144
      ],
      [
        73.853883,
        18.530082
      ],
      [
        73.853838,
        18.530063
      ],
      [
        73.853764,
        18.530026
      ],
      [
        73.853546,
        18.529764
      ],
      [
        73.853378,
        18.529648
      ],
      [
        73.853193,
        18.529475
      ],
      [
        73.853136,
        18.529447
      ],
      [
        73.853037,
        18.529392
      ],
      [
        73.852688,
        18.529166
      ],
      [
        73.852506,
        18.528984
      ],
      [
        73.852503,
        18.528981
      ],
      [
        73.851833,
        18.52808
      ],
      [
        73.851516,
        18.527709
      ],
      [
        73.85135,
        18.527518
      ],
      [
        73.851269,
        18.527424
      ],
      [
        73.851344,
        18.527388
      ],
      [
        73.85139,
        18.52736
      ],
      [
        73.851415,
        18.527345
      ],
      [
        73.851466,
        18.527305
      ],
      [
        73.851535,
        18.52725
      ],
      [
        73.851718,
        18.527144
      ],
      [
        73.851923,
        18.527024
      ],
      [
        73.852095,
        18.526932
      ],
      [
        73.852244,
        18.526846
      ],
      [
        73.852362,
        18.526762
      ],
      [
        73.852445,
        18.526682
      ],
      [
        73.852518,
        18.526605
      ],
      [
        73.852615,
        18.526511
      ],
      [
        73.853038,
        18.526066
      ],
      [
        73.853137,
        18.525955
      ],
      [
        73.853143,
        18.525949
      ],
      [
        73.85328,
        18.525795
      ],
      [
        73.853311,
        18.525729
      ],
      [
        73.853329,
        18.525692
      ],
      [
        73.853333,
        18.525684
      ],
      [
        73.853351,
        18.525642
      ],
      [
        73.853593,
        18.525086
      ],
      [
        73.853643,
        18.524969
      ],
      [
        73.853686,
        18.524875
      ],
      [
        73.853757,
        18.524881
      ],
      [
        73.853782,
        18.524865
      ],
      [
        73.853828,
        18.524787
      ],
      [
        73.853869,
        18.524706
      ],
      [
        73.85402,
        18.524407
      ],
      [
        73.854212,
        18.524027
      ],
      [
        73.854539,
        18.523382
      ],
      [
        73.854571,
        18.52331
      ],
      [
        73.854622,
        18.523202
      ],
      [
        73.854021,
        18.52296
      ],
      [
        73.853249,
        18.522634
      ],
      [
        73.853193,
        18.522604
      ],
      [
        73.853209,
        18.522547
      ],
      [
        73.853227,
        18.52249
      ],
      [
        73.853518,
        18.521142
      ],
      [
        73.853526,
        18.521108
      ],
      [
        73.85353,
        18.521087
      ],
      [
        73.853529,
        18.521063
      ],
      [
        73.853519,
        18.521041
      ],
      [
        73.853462,
        18.521043
      ],
      [
        73.853259,
        18.520999
      ],
      [
        73.853193,
        18.520993
      ],
      [
        73.853056,
        18.521001
      ],
      [
        73.85301,
        18.52101
      ],
      [
        73.852943,
        18.521022
      ],
      [
        73.853188,
        18.521107
      ],
      [
        73.853573,
        18.521226
      ],
      [
        73.853605,
        18.52123
      ],
      [
        73.853628,
        18.521222
      ],
      [
        73.853788,
        18.521306
      ],
      [
        73.853931,
        18.521399
      ],
      [
        73.854065,
        18.521473
      ],
      [
        73.854201,
        18.52153
      ],
      [
        73.854449,
        18.52159
      ],
      [
        73.854201,
        18.52153
      ],
      [
        73.854065,
        18.521473
      ],
      [
        73.853931,
        18.521399
      ],
      [
        73.853788,
        18.521306
      ],
      [
        73.853628,
        18.521222
      ],
      [
        73.853649,
        18.521169
      ],
      [
        73.853666,
        18.521062
      ],
      [
        73.853671,
        18.520997
      ],
      [
        73.853674,
        18.520958
      ],
      [
        73.853654,
        18.520841
      ],
      [
        73.853732,
        18.520665
      ],
      [
        73.853794,
        18.520499
      ],
      [
        73.853801,
        18.520479
      ],
      [
        73.853826,
        18.520433
      ],
      [
        73.853907,
        18.520418
      ],
      [
        73.854002,
        18.520409
      ],
      [
        73.854066,
        18.520407
      ],
      [
        73.854141,
        18.520409
      ],
      [
        73.854228,
        18.520419
      ],
      [
        73.854315,
        18.520424
      ],
      [
        73.854388,
        18.520423
      ],
      [
        73.854442,
        18.520396
      ],
      [
        73.854481,
        18.520362
      ],
      [
        73.854499,
        18.520315
      ],
      [
        73.854532,
        18.520228
      ],
      [
        73.854608,
        18.520292
      ],
      [
        73.854674,
        18.520342
      ],
      [
        73.854771,
        18.520426
      ],
      [
        73.854997,
        18.520645
      ],
      [
        73.855084,
        18.520744
      ],
      [
        73.85512,
        18.520801
      ],
      [
        73.85518,
        18.520929
      ],
      [
        73.85522,
        18.520965
      ],
      [
        73.855255,
        18.520997
      ],
      [
        73.855277,
        18.521013
      ],
      [
        73.855307,
        18.521024
      ],
      [
        73.855321,
        18.521027
      ],
      [
        73.855336,
        18.521026
      ],
      [
        73.855373,
        18.521018
      ],
      [
        73.855384,
        18.521016
      ],
      [
        73.855433,
        18.521006
      ],
      [
        73.855536,
        18.520856
      ],
      [
        73.855695,
        18.520665
      ],
      [
        73.855841,
        18.520529
      ],
      [
        73.856029,
        18.520305
      ],
      [
        73.856037,
        18.520295
      ],
      [
        73.856056,
        18.520266
      ],
      [
        73.85611,
        18.520182
      ],
      [
        73.856128,
        18.520092
      ],
      [
        73.856148,
        18.519723
      ],
      [
        73.856175,
        18.519213
      ],
      [
        73.856208,
        18.518649
      ],
      [
        73.856214,
        18.518542
      ],
      [
        73.856214,
        18.51851
      ],
      [
        73.856216,
        18.518342
      ],
      [
        73.856221,
        18.518182
      ],
      [
        73.856232,
        18.51781
      ],
      [
        73.856241,
        18.517501
      ],
      [
        73.856244,
        18.517409
      ],
      [
        73.856246,
        18.517266
      ],
      [
        73.856253,
        18.516935
      ],
      [
        73.856254,
        18.516866
      ],
      [
        73.856255,
        18.516817
      ],
      [
        73.85626,
        18.516286
      ],
      [
        73.85627,
        18.516061
      ],
      [
        73.856275,
        18.515947
      ],
      [
        73.856284,
        18.515741
      ],
      [
        73.856287,
        18.515669
      ],
      [
        73.856322,
        18.515332
      ],
      [
        73.856381,
        18.515132
      ],
      [
        73.856467,
        18.514962
      ],
      [
        73.856596,
        18.51479
      ],
      [
        73.856672,
        18.514703
      ],
      [
        73.856899,
        18.514363
      ],
      [
        73.857034,
        18.514115
      ],
      [
        73.85715,
        18.513898
      ],
      [
        73.85731,
        18.513511
      ],
      [
        73.857412,
        18.513209
      ],
      [
        73.857457,
        18.513092
      ],
      [
        73.857509,
        18.512956
      ],
      [
        73.857594,
        18.512731
      ],
      [
        73.857613,
        18.51268
      ],
      [
        73.857628,
        18.512641
      ],
      [
        73.857645,
        18.512595
      ],
      [
        73.857686,
        18.512479
      ],
      [
        73.857793,
        18.512181
      ],
      [
        73.857871,
        18.511855
      ],
      [
        73.857896,
        18.511647
      ],
      [
        73.857906,
        18.511569
      ],
      [
        73.857907,
        18.511491
      ],
      [
        73.857917,
        18.510704
      ],
      [
        73.857918,
        18.510638
      ],
      [
        73.857918,
        18.510586
      ],
      [
        73.857927,
        18.509812
      ],
      [
        73.857943,
        18.509556
      ],
      [
        73.857957,
        18.509243
      ],
      [
        73.857997,
        18.508828
      ],
      [
        73.857999,
        18.508798
      ],
      [
        73.858003,
        18.508749
      ],
      [
        73.858006,
        18.508688
      ],
      [
        73.85801,
        18.508631
      ],
      [
        73.858036,
        18.507615
      ],
      [
        73.858036,
        18.507508
      ],
      [
        73.85806,
        18.506725
      ],
      [
        73.858061,
        18.506668
      ],
      [
        73.858078,
        18.50661
      ],
      [
        73.8581,
        18.506533
      ],
      [
        73.858186,
        18.506378
      ],
      [
        73.858309,
        18.506196
      ],
      [
        73.858389,
        18.506098
      ],
      [
        73.858537,
        18.505915
      ],
      [
        73.858665,
        18.505684
      ],
      [
        73.858739,
        18.505383
      ],
      [
        73.858745,
        18.50536
      ],
      [
        73.85895,
        18.504613
      ],
      [
        73.859036,
        18.504394
      ],
      [
        73.85904,
        18.504319
      ],
      [
        73.859047,
        18.504187
      ],
      [
        73.859034,
        18.503911
      ],
      [
        73.858987,
        18.503659
      ],
      [
        73.858766,
        18.502477
      ],
      [
        73.858752,
        18.502385
      ],
      [
        73.858739,
        18.502304
      ],
      [
        73.858677,
        18.501962
      ],
      [
        73.858625,
        18.501682
      ],
      [
        73.858585,
        18.50147
      ],
      [
        73.858522,
        18.501299
      ],
      [
        73.858499,
        18.501231
      ],
      [
        73.85846,
        18.501116
      ],
      [
        73.858491,
        18.500908
      ],
      [
        73.858565,
        18.500812
      ],
      [
        73.858618,
        18.500768
      ],
      [
        73.858669,
        18.500734
      ],
      [
        73.858695,
        18.500717
      ],
      [
        73.858886,
        18.500624
      ],
      [
        73.859174,
        18.500611
      ],
      [
        73.859534,
        18.500596
      ],
      [
        73.859778,
        18.500568
      ],
      [
        73.860041,
        18.500537
      ],
      [
        73.860407,
        18.500492
      ],
      [
        73.860602,
        18.500463
      ],
      [
        73.861107,
        18.500373
      ],
      [
        73.861453,
        18.50029
      ],
      [
        73.861497,
        18.500271
      ],
      [
        73.861671,
        18.500197
      ],
      [
        73.86181,
        18.500172
      ],
      [
        73.862024,
        18.500142
      ],
      [
        73.862838,
        18.500063
      ],
      [
        73.863243,
        18.500015
      ],
      [
        73.863434,
        18.49999
      ],
      [
        73.864116,
        18.499944
      ],
      [
        73.864185,
        18.499943
      ],
      [
        73.864317,
        18.499943
      ],
      [
        73.864584,
        18.499958
      ],
      [
        73.864911,
        18.500004
      ],
      [
        73.865153,
        18.50005
      ],
      [
        73.86519,
        18.500057
      ],
      [
        73.865377,
        18.500092
      ],
      [
        73.865468,
        18.500114
      ],
      [
        73.865749,
        18.50018
      ],
      [
        73.865968,
        18.500271
      ],
      [
        73.866045,
        18.500303
      ],
      [
        73.866258,
        18.500396
      ],
      [
        73.866358,
        18.500432
      ],
      [
        73.866921,
        18.500696
      ],
      [
        73.867996,
        18.501166
      ],
      [
        73.868202,
        18.501242
      ],
      [
        73.868517,
        18.501336
      ],
      [
        73.869409,
        18.501566
      ],
      [
        73.869827,
        18.501655
      ],
      [
        73.870546,
        18.501798
      ],
      [
        73.870698,
        18.501821
      ],
      [
        73.871105,
        18.501868
      ],
      [
        73.871312,
        18.501873
      ],
      [
        73.872468,
        18.501904
      ],
      [
        73.873203,
        18.501923
      ],
      [
        73.873574,
        18.501934
      ],
      [
        73.873764,
        18.501936
      ],
      [
        73.874507,
        18.501945
      ],
      [
        73.874704,
        18.501947
      ],
      [
        73.874764,
        18.501954
      ],
      [
        73.874791,
        18.501959
      ],
      [
        73.874949,
        18.501986
      ],
      [
        73.875084,
        18.502013
      ],
      [
        73.875179,
        18.502036
      ],
      [
        73.875291,
        18.502061
      ],
      [
        73.875519,
        18.502115
      ],
      [
        73.876099,
        18.502237
      ],
      [
        73.876214,
        18.502228
      ],
      [
        73.876254,
        18.502238
      ],
      [
        73.876457,
        18.502286
      ],
      [
        73.876535,
        18.502305
      ],
      [
        73.877564,
        18.502542
      ],
      [
        73.877989,
        18.502647
      ],
      [
        73.878116,
        18.502678
      ],
      [
        73.878443,
        18.502732
      ],
      [
        73.878483,
        18.502759
      ],
      [
        73.878558,
        18.502788
      ],
      [
        73.878594,
        18.502806
      ],
      [
        73.878638,
        18.502835
      ],
      [
        73.878656,
        18.502859
      ],
      [
        73.878678,
        18.502896
      ],
      [
        73.878687,
        18.502961
      ],
      [
        73.878698,
        18.503073
      ],
      [
        73.878661,
        18.503183
      ],
      [
        73.878608,
        18.503355
      ],
      [
        73.878595,
        18.503408
      ],
      [
        73.878534,
        18.503667
      ],
      [
        73.878483,
        18.503963
      ],
      [
        73.878451,
        18.504148
      ],
      [
        73.878437,
        18.504275
      ],
      [
        73.878415,
        18.504487
      ],
      [
        73.878413,
        18.504504
      ],
      [
        73.878436,
        18.504916
      ],
      [
        73.878454,
        18.505241
      ],
      [
        73.878457,
        18.50529
      ],
      [
        73.87846,
        18.505381
      ],
      [
        73.878461,
        18.50543
      ],
      [
        73.878462,
        18.505512
      ],
      [
        73.878468,
        18.505589
      ],
      [
        73.87852,
        18.505674
      ],
      [
        73.878569,
        18.505754
      ],
      [
        73.878715,
        18.506162
      ],
      [
        73.878961,
        18.506631
      ],
      [
        73.879126,
        18.506892
      ],
      [
        73.879185,
        18.506962
      ],
      [
        73.879227,
        18.506992
      ],
      [
        73.8793,
        18.507007
      ],
      [
        73.879325,
        18.507012
      ],
      [
        73.879682,
        18.506938
      ],
      [
        73.880158,
        18.506839
      ],
      [
        73.880313,
        18.506806
      ],
      [
        73.880729,
        18.50672
      ],
      [
        73.881703,
        18.506558
      ],
      [
        73.882136,
        18.506508
      ],
      [
        73.882231,
        18.506502
      ],
      [
        73.883191,
        18.506417
      ],
      [
        73.883903,
        18.506406
      ],
      [
        73.884059,
        18.506433
      ],
      [
        73.884233,
        18.506486
      ],
      [
        73.884306,
        18.506508
      ],
      [
        73.88441,
        18.506534
      ],
      [
        73.884469,
        18.5066
      ],
      [
        73.884598,
        18.506644
      ],
      [
        73.884685,
        18.506663
      ],
      [
        73.884765,
        18.506674
      ],
      [
        73.885003,
        18.506688
      ],
      [
        73.885211,
        18.506698
      ],
      [
        73.885457,
        18.506695
      ],
      [
        73.885809,
        18.50668
      ],
      [
        73.887083,
        18.506627
      ],
      [
        73.888492,
        18.506546
      ],
      [
        73.888778,
        18.50653
      ],
      [
        73.889769,
        18.506493
      ],
      [
        73.88987,
        18.506485
      ],
      [
        73.890181,
        18.506461
      ],
      [
        73.890578,
        18.506407
      ],
      [
        73.89167,
        18.506233
      ],
      [
        73.891952,
        18.506198
      ],
      [
        73.892192,
        18.506183
      ],
      [
        73.892441,
        18.50617
      ],
      [
        73.892533,
        18.506172
      ],
      [
        73.896181,
        18.506778
      ],
      [
        73.896518,
        18.506821
      ],
      [
        73.896944,
        18.506875
      ],
      [
        73.897137,
        18.506899
      ],
      [
        73.897341,
        18.506947
      ],
      [
        73.897556,
        18.507025
      ],
      [
        73.897869,
        18.507131
      ],
      [
        73.897926,
        18.507149
      ],
      [
        73.89797,
        18.507164
      ],
      [
        73.898078,
        18.507199
      ],
      [
        73.89816,
        18.507079
      ],
      [
        73.898259,
        18.506944
      ],
      [
        73.898347,
        18.506846
      ],
      [
        73.898472,
        18.506755
      ],
      [
        73.898652,
        18.506709
      ],
      [
        73.89876,
        18.506675
      ],
      [
        73.899123,
        18.506645
      ],
      [
        73.899463,
        18.506616
      ],
      [
        73.899721,
        18.506611
      ],
      [
        73.900283,
        18.506596
      ],
      [
        73.90081,
        18.50659
      ],
      [
        73.901054,
        18.506574
      ],
      [
        73.901113,
        18.506572
      ],
      [
        73.901213,
        18.506567
      ],
      [
        73.902346,
        18.506547
      ],
      [
        73.902876,
        18.506566
      ],
      [
        73.903072,
        18.506572
      ],
      [
        73.903668,
        18.506586
      ],
      [
        73.904727,
        18.506568
      ],
      [
        73.905635,
        18.506561
      ],
      [
        73.905668,
        18.506561
      ],
      [
        73.906002,
        18.506558
      ],
      [
        73.90621,
        18.506556
      ],
      [
        73.906923,
        18.50654
      ],
      [
        73.907035,
        18.506536
      ],
      [
        73.907324,
        18.506522
      ],
      [
        73.908034,
        18.506488
      ],
      [
        73.908402,
        18.50647
      ],
      [
        73.908659,
        18.506459
      ],
      [
        73.909704,
        18.506438
      ],
      [
        73.910792,
        18.506416
      ],
      [
        73.912133,
        18.506389
      ],
      [
        73.912629,
        18.506359
      ],
      [
        73.912821,
        18.506347
      ],
      [
        73.913064,
        18.50632
      ],
      [
        73.913267,
        18.506289
      ],
      [
        73.913795,
        18.50622
      ],
      [
        73.91431,
        18.506097
      ],
      [
        73.915557,
        18.50577
      ],
      [
        73.917488,
        18.505239
      ],
      [
        73.917924,
        18.505118
      ],
      [
        73.919531,
        18.504653
      ],
      [
        73.920409,
        18.504399
      ],
      [
        73.920968,
        18.504236
      ],
      [
        73.921173,
        18.504176
      ],
      [
        73.921476,
        18.504095
      ],
      [
        73.921672,
        18.504039
      ],
      [
        73.921961,
        18.503965
      ],
      [
        73.922039,
        18.503944
      ],
      [
        73.922519,
        18.503813
      ],
      [
        73.922654,
        18.503778
      ],
      [
        73.923402,
        18.503576
      ],
      [
        73.924351,
        18.503316
      ],
      [
        73.924384,
        18.503307
      ],
      [
        73.924566,
        18.503257
      ],
      [
        73.924649,
        18.503235
      ],
      [
        73.925143,
        18.503099
      ],
      [
        73.92521,
        18.503081
      ],
      [
        73.925268,
        18.503065
      ],
      [
        73.925884,
        18.502919
      ],
      [
        73.926147,
        18.502856
      ],
      [
        73.926257,
        18.50283
      ],
      [
        73.927217,
        18.502578
      ],
      [
        73.927369,
        18.502537
      ],
      [
        73.927698,
        18.502445
      ],
      [
        73.928881,
        18.502111
      ],
      [
        73.929591,
        18.501915
      ],
      [
        73.930043,
        18.501843
      ],
      [
        73.930484,
        18.501781
      ],
      [
        73.930942,
        18.501724
      ],
      [
        73.931356,
        18.501662
      ],
      [
        73.932711,
        18.501571
      ],
      [
        73.933104,
        18.501545
      ],
      [
        73.933502,
        18.501503
      ],
      [
        73.93592,
        18.50114
      ],
      [
        73.936492,
        18.501052
      ],
      [
        73.93652,
        18.501075
      ],
      [
        73.936567,
        18.501101
      ],
      [
        73.936695,
        18.50113
      ],
      [
        73.937938,
        18.501041
      ],
      [
        73.938282,
        18.501
      ],
      [
        73.938938,
        18.500913
      ],
      [
        73.93911,
        18.500824
      ],
      [
        73.939245,
        18.500725
      ],
      [
        73.939321,
        18.500624
      ],
      [
        73.939372,
        18.500516
      ],
      [
        73.939409,
        18.500423
      ],
      [
        73.93942,
        18.500297
      ],
      [
        73.939428,
        18.500139
      ],
      [
        73.939483,
        18.499885
      ],
      [
        73.939571,
        18.499676
      ],
      [
        73.9396,
        18.499639
      ],
      [
        73.939701,
        18.499552
      ],
      [
        73.939826,
        18.499445
      ],
      [
        73.94075,
        18.498654
      ],
      [
        73.940815,
        18.498596
      ],
      [
        73.940842,
        18.49857
      ],
      [
        73.940848,
        18.498564
      ],
      [
        73.940855,
        18.498558
      ],
      [
        73.94097,
        18.498451
      ],
      [
        73.940995,
        18.498429
      ],
      [
        73.941378,
        18.4981
      ],
      [
        73.941536,
        18.497976
      ],
      [
        73.941914,
        18.497689
      ],
      [
        73.942016,
        18.497619
      ],
      [
        73.942099,
        18.497556
      ],
      [
        73.942187,
        18.497492
      ],
      [
        73.942405,
        18.497332
      ],
      [
        73.943134,
        18.496796
      ],
      [
        73.943392,
        18.496606
      ],
      [
        73.943622,
        18.496445
      ],
      [
        73.944351,
        18.495887
      ],
      [
        73.944387,
        18.49586
      ],
      [
        73.944784,
        18.495581
      ],
      [
        73.945479,
        18.495094
      ],
      [
        73.945669,
        18.494962
      ],
      [
        73.945696,
        18.494945
      ],
      [
        73.946456,
        18.49441
      ],
      [
        73.946668,
        18.494261
      ],
      [
        73.947061,
        18.493954
      ],
      [
        73.947272,
        18.493765
      ],
      [
        73.947315,
        18.493727
      ],
      [
        73.947509,
        18.493497
      ],
      [
        73.947807,
        18.493135
      ],
      [
        73.948272,
        18.49251
      ],
      [
        73.948702,
        18.491933
      ],
      [
        73.948772,
        18.491839
      ],
      [
        73.948839,
        18.491749
      ],
      [
        73.948989,
        18.491547
      ],
      [
        73.949186,
        18.491285
      ],
      [
        73.949717,
        18.490594
      ],
      [
        73.950113,
        18.490074
      ],
      [
        73.950498,
        18.48957
      ],
      [
        73.950691,
        18.489317
      ],
      [
        73.950824,
        18.489142
      ],
      [
        73.951008,
        18.488899
      ],
      [
        73.952249,
        18.487251
      ],
      [
        73.952296,
        18.48711
      ],
      [
        73.952443,
        18.486868
      ],
      [
        73.952457,
        18.486835
      ],
      [
        73.952536,
        18.4867
      ],
      [
        73.952583,
        18.486594
      ],
      [
        73.95274,
        18.486305
      ],
      [
        73.952877,
        18.486043
      ],
      [
        73.952962,
        18.485859
      ],
      [
        73.953101,
        18.485529
      ],
      [
        73.953133,
        18.48545
      ],
      [
        73.953348,
        18.484908
      ],
      [
        73.953627,
        18.484245
      ],
      [
        73.95376,
        18.483932
      ],
      [
        73.953825,
        18.483777
      ],
      [
        73.953964,
        18.483438
      ],
      [
        73.954046,
        18.483242
      ],
      [
        73.954092,
        18.48313
      ],
      [
        73.954264,
        18.482707
      ],
      [
        73.954421,
        18.482326
      ],
      [
        73.954457,
        18.482238
      ],
      [
        73.954496,
        18.482146
      ],
      [
        73.954602,
        18.481895
      ],
      [
        73.954642,
        18.481808
      ],
      [
        73.954857,
        18.481355
      ],
      [
        73.954914,
        18.48122
      ],
      [
        73.95504,
        18.480968
      ],
      [
        73.955082,
        18.480879
      ],
      [
        73.955115,
        18.480808
      ],
      [
        73.955277,
        18.480465
      ],
      [
        73.9554,
        18.480205
      ],
      [
        73.955435,
        18.480131
      ],
      [
        73.955451,
        18.480098
      ],
      [
        73.955499,
        18.479997
      ],
      [
        73.955521,
        18.479952
      ],
      [
        73.955745,
        18.479501
      ],
      [
        73.95581,
        18.479351
      ],
      [
        73.955932,
        18.479081
      ],
      [
        73.95595,
        18.479044
      ],
      [
        73.955973,
        18.478997
      ],
      [
        73.956835,
        18.47722
      ],
      [
        73.956958,
        18.476953
      ],
      [
        73.957025,
        18.476807
      ],
      [
        73.957049,
        18.476752
      ],
      [
        73.957345,
        18.476105
      ],
      [
        73.957506,
        18.475765
      ],
      [
        73.957547,
        18.475679
      ],
      [
        73.957727,
        18.47528
      ],
      [
        73.957812,
        18.475103
      ],
      [
        73.958311,
        18.474007
      ],
      [
        73.958677,
        18.473221
      ],
      [
        73.958912,
        18.472712
      ],
      [
        73.959762,
        18.470958
      ],
      [
        73.960473,
        18.469489
      ],
      [
        73.961026,
        18.468383
      ],
      [
        73.961203,
        18.468051
      ],
      [
        73.961538,
        18.467339
      ],
      [
        73.961721,
        18.46695
      ],
      [
        73.96194,
        18.466473
      ],
      [
        73.962054,
        18.466243
      ],
      [
        73.962264,
        18.465807
      ],
      [
        73.962491,
        18.465322
      ],
      [
        73.962522,
        18.465255
      ],
      [
        73.962768,
        18.464752
      ],
      [
        73.962985,
        18.464236
      ],
      [
        73.963094,
        18.464028
      ],
      [
        73.963161,
        18.463893
      ],
      [
        73.963354,
        18.463491
      ],
      [
        73.964261,
        18.461604
      ],
      [
        73.964373,
        18.461372
      ],
      [
        73.964665,
        18.460773
      ],
      [
        73.964689,
        18.460724
      ],
      [
        73.964809,
        18.460479
      ],
      [
        73.964818,
        18.46046
      ],
      [
        73.96484,
        18.460416
      ],
      [
        73.965065,
        18.45995
      ],
      [
        73.965346,
        18.459369
      ],
      [
        73.965607,
        18.458815
      ],
      [
        73.966072,
        18.457892
      ],
      [
        73.966168,
        18.457671
      ],
      [
        73.966229,
        18.457549
      ],
      [
        73.966396,
        18.4572
      ],
      [
        73.967157,
        18.455588
      ],
      [
        73.967278,
        18.455338
      ],
      [
        73.967377,
        18.455134
      ],
      [
        73.967599,
        18.454678
      ],
      [
        73.967696,
        18.454478
      ],
      [
        73.96777,
        18.454327
      ],
      [
        73.967907,
        18.454046
      ],
      [
        73.968062,
        18.45373
      ],
      [
        73.968102,
        18.453648
      ],
      [
        73.968273,
        18.453297
      ],
      [
        73.968376,
        18.453087
      ],
      [
        73.96856,
        18.45271
      ],
      [
        73.968635,
        18.452558
      ],
      [
        73.9688,
        18.452219
      ],
      [
        73.968867,
        18.452083
      ],
      [
        73.968958,
        18.451896
      ],
      [
        73.969016,
        18.451777
      ],
      [
        73.969103,
        18.451599
      ],
      [
        73.969147,
        18.45151
      ],
      [
        73.969235,
        18.45133
      ],
      [
        73.969393,
        18.451006
      ],
      [
        73.969537,
        18.450712
      ],
      [
        73.969702,
        18.450377
      ],
      [
        73.969873,
        18.450029
      ],
      [
        73.970248,
        18.449229
      ],
      [
        73.970388,
        18.448948
      ],
      [
        73.970597,
        18.448535
      ],
      [
        73.970794,
        18.448192
      ],
      [
        73.97098,
        18.447893
      ],
      [
        73.971213,
        18.447498
      ],
      [
        73.971487,
        18.447049
      ],
      [
        73.971718,
        18.446606
      ],
      [
        73.971832,
        18.446385
      ],
      [
        73.97191,
        18.446244
      ],
      [
        73.97242,
        18.445323
      ],
      [
        73.972777,
        18.444677
      ],
      [
        73.973356,
        18.44363
      ],
      [
        73.973438,
        18.443484
      ],
      [
        73.973598,
        18.443195
      ],
      [
        73.973758,
        18.442906
      ],
      [
        73.973896,
        18.442659
      ],
      [
        73.974064,
        18.44236
      ],
      [
        73.974172,
        18.442166
      ],
      [
        73.974213,
        18.442092
      ],
      [
        73.974429,
        18.441697
      ],
      [
        73.974751,
        18.441098
      ],
      [
        73.974846,
        18.440941
      ],
      [
        73.974932,
        18.440775
      ],
      [
        73.974976,
        18.440706
      ],
      [
        73.975151,
        18.440392
      ],
      [
        73.975355,
        18.440029
      ],
      [
        73.975436,
        18.439884
      ],
      [
        73.975632,
        18.439527
      ],
      [
        73.975832,
        18.439154
      ],
      [
        73.975892,
        18.439035
      ],
      [
        73.976475,
        18.437997
      ],
      [
        73.976683,
        18.437609
      ],
      [
        73.976766,
        18.437467
      ],
      [
        73.977069,
        18.436918
      ],
      [
        73.977241,
        18.43663
      ],
      [
        73.977523,
        18.436089
      ],
      [
        73.977873,
        18.43546
      ],
      [
        73.978338,
        18.434614
      ],
      [
        73.978672,
        18.433984
      ],
      [
        73.978953,
        18.43348
      ],
      [
        73.97908,
        18.433248
      ],
      [
        73.979136,
        18.433139
      ],
      [
        73.979192,
        18.433026
      ],
      [
        73.979236,
        18.43292
      ],
      [
        73.979311,
        18.43275
      ],
      [
        73.979359,
        18.432625
      ],
      [
        73.97952,
        18.432184
      ],
      [
        73.97962,
        18.431908
      ],
      [
        73.979792,
        18.431456
      ],
      [
        73.979805,
        18.43142
      ],
      [
        73.979827,
        18.431365
      ],
      [
        73.979858,
        18.431284
      ],
      [
        73.979987,
        18.430961
      ],
      [
        73.980264,
        18.430269
      ],
      [
        73.980426,
        18.429855
      ],
      [
        73.980618,
        18.429355
      ],
      [
        73.980691,
        18.429127
      ],
      [
        73.980877,
        18.428662
      ],
      [
        73.98109,
        18.428139
      ],
      [
        73.981602,
        18.426845
      ],
      [
        73.981737,
        18.426483
      ],
      [
        73.98212,
        18.425384
      ],
      [
        73.982245,
        18.425054
      ],
      [
        73.982435,
        18.424504
      ],
      [
        73.982467,
        18.424418
      ],
      [
        73.982626,
        18.423928
      ],
      [
        73.982738,
        18.423574
      ],
      [
        73.982842,
        18.423235
      ],
      [
        73.982911,
        18.423092
      ],
      [
        73.983078,
        18.422556
      ],
      [
        73.983271,
        18.422013
      ],
      [
        73.983298,
        18.421961
      ],
      [
        73.983333,
        18.421916
      ],
      [
        73.983413,
        18.421836
      ],
      [
        73.983522,
        18.421761
      ],
      [
        73.983646,
        18.421703
      ],
      [
        73.983749,
        18.421667
      ],
      [
        73.983832,
        18.421639
      ],
      [
        73.983912,
        18.42162
      ],
      [
        73.984092,
        18.421586
      ],
      [
        73.984261,
        18.421573
      ],
      [
        73.98433,
        18.42158
      ],
      [
        73.984376,
        18.421592
      ],
      [
        73.984424,
        18.421607
      ],
      [
        73.984472,
        18.421629
      ],
      [
        73.984521,
        18.421661
      ],
      [
        73.984561,
        18.421704
      ],
      [
        73.984811,
        18.422047
      ],
      [
        73.984942,
        18.422192
      ],
      [
        73.984983,
        18.422231
      ],
      [
        73.985068,
        18.422301
      ],
      [
        73.985105,
        18.422323
      ],
      [
        73.985138,
        18.422339
      ],
      [
        73.985191,
        18.422363
      ],
      [
        73.98544,
        18.422462
      ],
      [
        73.985724,
        18.422548
      ],
      [
        73.985937,
        18.422599
      ],
      [
        73.986155,
        18.422638
      ],
      [
        73.986569,
        18.42271
      ],
      [
        73.986644,
        18.422718
      ],
      [
        73.986757,
        18.422721
      ],
      [
        73.986898,
        18.422707
      ],
      [
        73.986964,
        18.422694
      ],
      [
        73.987025,
        18.422674
      ],
      [
        73.987441,
        18.422512
      ],
      [
        73.987506,
        18.422487
      ],
      [
        73.987612,
        18.422443
      ],
      [
        73.987984,
        18.422283
      ],
      [
        73.988134,
        18.422208
      ],
      [
        73.988179,
        18.422179
      ],
      [
        73.988228,
        18.422141
      ],
      [
        73.988281,
        18.422086
      ],
      [
        73.988471,
        18.421847
      ],
      [
        73.988514,
        18.421786
      ],
      [
        73.988734,
        18.421416
      ],
      [
        73.988819,
        18.421276
      ],
      [
        73.988863,
        18.42122
      ],
      [
        73.988916,
        18.421169
      ],
      [
        73.989025,
        18.421064
      ],
      [
        73.989132,
        18.420936
      ],
      [
        73.989146,
        18.420919
      ],
      [
        73.98916,
        18.420901
      ],
      [
        73.989172,
        18.420881
      ],
      [
        73.989209,
        18.42081
      ],
      [
        73.989273,
        18.420657
      ],
      [
        73.989307,
        18.420533
      ],
      [
        73.989323,
        18.420473
      ],
      [
        73.989331,
        18.420424
      ],
      [
        73.989365,
        18.420063
      ],
      [
        73.989368,
        18.419981
      ],
      [
        73.989367,
        18.419933
      ],
      [
        73.989364,
        18.419841
      ],
      [
        73.989348,
        18.419713
      ],
      [
        73.989324,
        18.419605
      ],
      [
        73.98931,
        18.41956
      ],
      [
        73.989293,
        18.419521
      ],
      [
        73.989172,
        18.419269
      ],
      [
        73.989124,
        18.419148
      ],
      [
        73.989113,
        18.419099
      ],
      [
        73.989101,
        18.41906
      ],
      [
        73.989076,
        18.418898
      ],
      [
        73.989068,
        18.418809
      ],
      [
        73.989077,
        18.418759
      ],
      [
        73.989095,
        18.418703
      ],
      [
        73.989344,
        18.418291
      ],
      [
        73.989364,
        18.418246
      ],
      [
        73.98938,
        18.418188
      ],
      [
        73.989392,
        18.418106
      ],
      [
        73.989391,
        18.418024
      ],
      [
        73.989378,
        18.41787
      ],
      [
        73.989364,
        18.417749
      ],
      [
        73.989362,
        18.417673
      ],
      [
        73.98938,
        18.417603
      ],
      [
        73.989486,
        18.417421
      ],
      [
        73.98953,
        18.417331
      ],
      [
        73.989551,
        18.417228
      ],
      [
        73.989553,
        18.417161
      ],
      [
        73.989545,
        18.417061
      ],
      [
        73.989535,
        18.417022
      ],
      [
        73.989519,
        18.416983
      ],
      [
        73.989485,
        18.416945
      ],
      [
        73.989465,
        18.416866
      ],
      [
        73.989453,
        18.416762
      ],
      [
        73.989465,
        18.416667
      ],
      [
        73.989493,
        18.416602
      ],
      [
        73.989563,
        18.41649
      ],
      [
        73.989637,
        18.416354
      ],
      [
        73.989677,
        18.416236
      ],
      [
        73.989678,
        18.41616
      ],
      [
        73.989672,
        18.416042
      ],
      [
        73.989604,
        18.415861
      ],
      [
        73.989531,
        18.415672
      ],
      [
        73.989486,
        18.415455
      ],
      [
        73.989459,
        18.415242
      ],
      [
        73.989462,
        18.415018
      ],
      [
        73.989482,
        18.414643
      ],
      [
        73.989528,
        18.414545
      ],
      [
        73.989591,
        18.414459
      ],
      [
        73.989677,
        18.414379
      ],
      [
        73.989755,
        18.414361
      ],
      [
        73.989864,
        18.414357
      ],
      [
        73.989978,
        18.414372
      ],
      [
        73.990277,
        18.414479
      ],
      [
        73.990454,
        18.414581
      ],
      [
        73.990521,
        18.414637
      ],
      [
        73.990597,
        18.414695
      ],
      [
        73.990692,
        18.414735
      ],
      [
        73.990832,
        18.414778
      ],
      [
        73.991018,
        18.414842
      ],
      [
        73.991229,
        18.414928
      ],
      [
        73.991449,
        18.414989
      ],
      [
        73.991583,
        18.415029
      ],
      [
        73.991673,
        18.415086
      ],
      [
        73.991736,
        18.415175
      ],
      [
        73.9918,
        18.415352
      ],
      [
        73.991984,
        18.41575
      ],
      [
        73.992152,
        18.415977
      ],
      [
        73.992492,
        18.416301
      ],
      [
        73.992654,
        18.416393
      ],
      [
        73.992758,
        18.416427
      ],
      [
        73.992903,
        18.416429
      ],
      [
        73.993072,
        18.41639
      ],
      [
        73.993274,
        18.416309
      ],
      [
        73.994092,
        18.416007
      ],
      [
        73.994193,
        18.415945
      ],
      [
        73.994244,
        18.415892
      ],
      [
        73.994307,
        18.415811
      ],
      [
        73.994401,
        18.415653
      ],
      [
        73.994449,
        18.415569
      ],
      [
        73.994501,
        18.415437
      ],
      [
        73.994593,
        18.415142
      ],
      [
        73.994711,
        18.414954
      ],
      [
        73.99482,
        18.414761
      ],
      [
        73.994912,
        18.414559
      ],
      [
        73.995001,
        18.414421
      ],
      [
        73.995051,
        18.414368
      ],
      [
        73.995127,
        18.414334
      ],
      [
        73.995229,
        18.414324
      ],
      [
        73.995346,
        18.414337
      ],
      [
        73.995532,
        18.414402
      ],
      [
        73.995663,
        18.41441
      ],
      [
        73.995792,
        18.414392
      ],
      [
        73.995916,
        18.414317
      ],
      [
        73.995993,
        18.414225
      ],
      [
        73.996097,
        18.414095
      ],
      [
        73.996168,
        18.41404
      ],
      [
        73.996263,
        18.413999
      ],
      [
        73.996361,
        18.413975
      ],
      [
        73.996519,
        18.413965
      ],
      [
        73.996796,
        18.413945
      ],
      [
        73.997072,
        18.413898
      ],
      [
        73.997158,
        18.41389
      ],
      [
        73.997253,
        18.413895
      ],
      [
        73.99738,
        18.413936
      ],
      [
        73.997505,
        18.414013
      ],
      [
        73.997608,
        18.414068
      ],
      [
        73.997785,
        18.414111
      ],
      [
        73.997959,
        18.414086
      ],
      [
        73.998176,
        18.414016
      ],
      [
        73.9983,
        18.413928
      ],
      [
        73.998446,
        18.413839
      ],
      [
        73.998634,
        18.413774
      ],
      [
        73.998877,
        18.413753
      ],
      [
        73.999516,
        18.413735
      ],
      [
        73.999651,
        18.413764
      ],
      [
        73.999774,
        18.413816
      ],
      [
        73.999884,
        18.413909
      ],
      [
        74.000021,
        18.414067
      ],
      [
        74.000171,
        18.414165
      ],
      [
        74.000316,
        18.414192
      ],
      [
        74.000467,
        18.41419
      ],
      [
        74.000633,
        18.414134
      ],
      [
        74.000813,
        18.414062
      ],
      [
        74.000956,
        18.414013
      ],
      [
        74.001201,
        18.413974
      ],
      [
        74.001796,
        18.413938
      ],
      [
        74.002214,
        18.413937
      ],
      [
        74.002478,
        18.413965
      ],
      [
        74.002631,
        18.414019
      ],
      [
        74.002725,
        18.414092
      ],
      [
        74.002782,
        18.414186
      ],
      [
        74.002835,
        18.414311
      ],
      [
        74.002898,
        18.414459
      ],
      [
        74.00302,
        18.414721
      ],
      [
        74.003122,
        18.414853
      ],
      [
        74.003295,
        18.415115
      ],
      [
        74.003383,
        18.415333
      ],
      [
        74.003442,
        18.415571
      ],
      [
        74.003476,
        18.415695
      ],
      [
        74.003523,
        18.415767
      ],
      [
        74.003605,
        18.415832
      ],
      [
        74.00374,
        18.415888
      ],
      [
        74.004061,
        18.415951
      ],
      [
        74.004257,
        18.41597
      ],
      [
        74.004466,
        18.415946
      ],
      [
        74.004662,
        18.415882
      ],
      [
        74.004958,
        18.415735
      ],
      [
        74.00521,
        18.415545
      ],
      [
        74.005503,
        18.415292
      ],
      [
        74.005661,
        18.415156
      ],
      [
        74.006314,
        18.414605
      ],
      [
        74.006411,
        18.414524
      ],
      [
        74.006695,
        18.414244
      ],
      [
        74.006727,
        18.414212
      ],
      [
        74.006971,
        18.414006
      ],
      [
        74.007254,
        18.413669
      ],
      [
        74.007301,
        18.413612
      ],
      [
        74.007593,
        18.413232
      ],
      [
        74.007818,
        18.412965
      ],
      [
        74.008121,
        18.412614
      ],
      [
        74.010178,
        18.410106
      ],
      [
        74.010827,
        18.409316
      ],
      [
        74.011164,
        18.408919
      ],
      [
        74.011309,
        18.408729
      ],
      [
        74.011482,
        18.408449
      ],
      [
        74.011571,
        18.40825
      ],
      [
        74.011666,
        18.408042
      ],
      [
        74.011694,
        18.407948
      ],
      [
        74.01171,
        18.407833
      ],
      [
        74.011766,
        18.407382
      ],
      [
        74.01252,
        18.402598
      ],
      [
        74.012529,
        18.402533
      ],
      [
        74.012737,
        18.400987
      ],
      [
        74.01291,
        18.399782
      ],
      [
        74.013266,
        18.397941
      ],
      [
        74.013308,
        18.397623
      ],
      [
        74.013379,
        18.39714
      ],
      [
        74.013394,
        18.397015
      ],
      [
        74.01345,
        18.396698
      ],
      [
        74.013574,
        18.395897
      ],
      [
        74.013652,
        18.395432
      ],
      [
        74.013708,
        18.394863
      ],
      [
        74.01373,
        18.394405
      ],
      [
        74.013752,
        18.393639
      ],
      [
        74.013795,
        18.393203
      ],
      [
        74.013858,
        18.392769
      ],
      [
        74.013951,
        18.392335
      ],
      [
        74.014199,
        18.391485
      ],
      [
        74.014309,
        18.391037
      ],
      [
        74.014449,
        18.390414
      ],
      [
        74.014548,
        18.389787
      ],
      [
        74.014651,
        18.389138
      ],
      [
        74.014762,
        18.388464
      ],
      [
        74.014912,
        18.387522
      ],
      [
        74.014989,
        18.387062
      ],
      [
        74.015065,
        18.386531
      ],
      [
        74.015167,
        18.385933
      ],
      [
        74.015265,
        18.385317
      ],
      [
        74.015595,
        18.383262
      ],
      [
        74.016019,
        18.380643
      ],
      [
        74.01643,
        18.378076
      ],
      [
        74.016515,
        18.377685
      ],
      [
        74.01665,
        18.377245
      ],
      [
        74.016698,
        18.377095
      ],
      [
        74.016931,
        18.376494
      ],
      [
        74.017025,
        18.37626
      ],
      [
        74.017099,
        18.376107
      ],
      [
        74.017255,
        18.37583
      ],
      [
        74.01742,
        18.375565
      ],
      [
        74.017977,
        18.374766
      ],
      [
        74.018185,
        18.37438
      ],
      [
        74.018358,
        18.374029
      ],
      [
        74.018517,
        18.373642
      ],
      [
        74.018591,
        18.373416
      ],
      [
        74.018674,
        18.373107
      ],
      [
        74.018704,
        18.373017
      ],
      [
        74.018751,
        18.372875
      ],
      [
        74.018801,
        18.372687
      ],
      [
        74.018855,
        18.372385
      ],
      [
        74.018961,
        18.371582
      ],
      [
        74.019036,
        18.371019
      ],
      [
        74.019082,
        18.370729
      ],
      [
        74.019134,
        18.370542
      ],
      [
        74.019226,
        18.370346
      ],
      [
        74.019332,
        18.370131
      ],
      [
        74.019637,
        18.369664
      ],
      [
        74.019941,
        18.369189
      ],
      [
        74.020736,
        18.36798
      ],
      [
        74.020974,
        18.367664
      ],
      [
        74.021408,
        18.367207
      ],
      [
        74.021307,
        18.367103
      ],
      [
        74.021474,
        18.366809
      ],
      [
        74.021622,
        18.36657
      ],
      [
        74.021687,
        18.366465
      ],
      [
        74.021851,
        18.366241
      ],
      [
        74.022192,
        18.365857
      ],
      [
        74.022528,
        18.365484
      ],
      [
        74.023516,
        18.364425
      ],
      [
        74.027806,
        18.359777
      ],
      [
        74.02808,
        18.359504
      ],
      [
        74.028282,
        18.359274
      ],
      [
        74.028392,
        18.359056
      ],
      [
        74.028449,
        18.358845
      ],
      [
        74.028462,
        18.358755
      ],
      [
        74.028467,
        18.358727
      ],
      [
        74.028513,
        18.358425
      ],
      [
        74.028538,
        18.358135
      ],
      [
        74.028561,
        18.35785
      ],
      [
        74.028577,
        18.357661
      ],
      [
        74.028612,
        18.357247
      ],
      [
        74.028623,
        18.357096
      ],
      [
        74.028646,
        18.356763
      ],
      [
        74.028653,
        18.356508
      ],
      [
        74.028677,
        18.356146
      ],
      [
        74.02866,
        18.355873
      ],
      [
        74.028663,
        18.355746
      ],
      [
        74.028664,
        18.355686
      ],
      [
        74.028683,
        18.354749
      ],
      [
        74.028691,
        18.354358
      ],
      [
        74.028695,
        18.354162
      ],
      [
        74.028705,
        18.353703
      ],
      [
        74.028705,
        18.353677
      ],
      [
        74.028705,
        18.35343
      ],
      [
        74.028705,
        18.353148
      ],
      [
        74.028705,
        18.352958
      ],
      [
        74.028715,
        18.351988
      ],
      [
        74.028719,
        18.351857
      ],
      [
        74.028749,
        18.35051
      ],
      [
        74.028748,
        18.350384
      ],
      [
        74.028739,
        18.34962
      ],
      [
        74.028737,
        18.349446
      ],
      [
        74.028745,
        18.349347
      ],
      [
        74.028766,
        18.349095
      ],
      [
        74.02877,
        18.348723
      ],
      [
        74.028801,
        18.348338
      ],
      [
        74.028803,
        18.34831
      ],
      [
        74.028806,
        18.348284
      ],
      [
        74.028817,
        18.348154
      ],
      [
        74.028842,
        18.347818
      ],
      [
        74.028886,
        18.347591
      ],
      [
        74.028824,
        18.34756
      ],
      [
        74.028782,
        18.347509
      ],
      [
        74.028852,
        18.347362
      ],
      [
        74.028893,
        18.3473
      ],
      [
        74.028948,
        18.347108
      ],
      [
        74.029179,
        18.346299
      ],
      [
        74.029327,
        18.346265
      ],
      [
        74.02933,
        18.346209
      ],
      [
        74.029347,
        18.345924
      ],
      [
        74.029349,
        18.345869
      ],
      [
        74.029364,
        18.34543
      ],
      [
        74.029348,
        18.344905
      ],
      [
        74.02935,
        18.344681
      ],
      [
        74.02935,
        18.344631
      ],
      [
        74.029352,
        18.344433
      ],
      [
        74.02935,
        18.344631
      ],
      [
        74.02935,
        18.344681
      ],
      [
        74.029348,
        18.344905
      ],
      [
        74.029364,
        18.34543
      ],
      [
        74.029349,
        18.345869
      ],
      [
        74.029347,
        18.345924
      ],
      [
        74.02933,
        18.346209
      ],
      [
        74.029327,
        18.346265
      ],
      [
        74.030322,
        18.346125
      ],
      [
        74.030539,
        18.346092
      ],
      [
        74.030604,
        18.346037
      ],
      [
        74.03135,
        18.34542
      ],
      [
        74.031384,
        18.345398
      ],
      [
        74.031618,
        18.345246
      ],
      [
        74.032079,
        18.344838
      ],
      [
        74.032173,
        18.344755
      ],
      [
        74.032347,
        18.344596
      ],
      [
        74.03275,
        18.344232
      ],
      [
        74.033173,
        18.343916
      ],
      [
        74.033524,
        18.343623
      ],
      [
        74.03392,
        18.343419
      ],
      [
        74.03431,
        18.343235
      ],
      [
        74.034351,
        18.343214
      ],
      [
        74.035475,
        18.342777
      ],
      [
        74.035609,
        18.342677
      ],
      [
        74.035709,
        18.342543
      ],
      [
        74.035824,
        18.342321
      ],
      [
        74.036011,
        18.341859
      ],
      [
        74.036198,
        18.341421
      ],
      [
        74.036279,
        18.341208
      ],
      [
        74.036344,
        18.341111
      ],
      [
        74.036387,
        18.340991
      ],
      [
        74.036395,
        18.340924
      ],
      [
        74.036403,
        18.340861
      ],
      [
        74.03641,
        18.340681
      ],
      [
        74.036328,
        18.340357
      ],
      [
        74.036269,
        18.340099
      ],
      [
        74.036193,
        18.339694
      ],
      [
        74.036149,
        18.339472
      ],
      [
        74.036073,
        18.339188
      ],
      [
        74.036031,
        18.339095
      ],
      [
        74.035926,
        18.338864
      ],
      [
        74.035829,
        18.338379
      ],
      [
        74.03579,
        18.338195
      ],
      [
        74.035788,
        18.338037
      ],
      [
        74.0358,
        18.337898
      ],
      [
        74.035852,
        18.337708
      ],
      [
        74.035959,
        18.337454
      ],
      [
        74.03612,
        18.337135
      ],
      [
        74.036256,
        18.336895
      ],
      [
        74.036353,
        18.336774
      ],
      [
        74.036436,
        18.336692
      ],
      [
        74.036497,
        18.336637
      ],
      [
        74.036573,
        18.336585
      ],
      [
        74.036652,
        18.336554
      ],
      [
        74.036829,
        18.336482
      ],
      [
        74.038982,
        18.335559
      ],
      [
        74.04051,
        18.334904
      ],
      [
        74.041043,
        18.334696
      ],
      [
        74.041184,
        18.334654
      ],
      [
        74.041354,
        18.334592
      ],
      [
        74.041492,
        18.334517
      ],
      [
        74.041706,
        18.334387
      ],
      [
        74.04183,
        18.3343
      ],
      [
        74.04199,
        18.334208
      ],
      [
        74.042235,
        18.334113
      ],
      [
        74.042359,
        18.334076
      ],
      [
        74.042585,
        18.334061
      ],
      [
        74.042775,
        18.334072
      ],
      [
        74.043136,
        18.33413
      ],
      [
        74.043326,
        18.33415
      ],
      [
        74.04388,
        18.334324
      ],
      [
        74.044773,
        18.334617
      ],
      [
        74.045859,
        18.334946
      ],
      [
        74.046752,
        18.335229
      ],
      [
        74.047548,
        18.335533
      ],
      [
        74.04797,
        18.335708
      ],
      [
        74.048024,
        18.335728
      ],
      [
        74.04812,
        18.335822
      ],
      [
        74.048254,
        18.335868
      ],
      [
        74.0485,
        18.335951
      ],
      [
        74.048609,
        18.335988
      ],
      [
        74.048718,
        18.336003
      ],
      [
        74.048794,
        18.336002
      ],
      [
        74.048888,
        18.336001
      ],
      [
        74.049099,
        18.335955
      ],
      [
        74.049298,
        18.335882
      ],
      [
        74.049644,
        18.335696
      ],
      [
        74.049902,
        18.335563
      ],
      [
        74.050076,
        18.335474
      ],
      [
        74.050284,
        18.335366
      ],
      [
        74.05061,
        18.335206
      ],
      [
        74.050904,
        18.335047
      ],
      [
        74.051136,
        18.334924
      ],
      [
        74.051851,
        18.334546
      ],
      [
        74.052818,
        18.334049
      ],
      [
        74.053278,
        18.333802
      ],
      [
        74.053989,
        18.333403
      ],
      [
        74.054638,
        18.333007
      ],
      [
        74.055152,
        18.332675
      ],
      [
        74.056003,
        18.332132
      ],
      [
        74.056618,
        18.331705
      ],
      [
        74.057053,
        18.331375
      ],
      [
        74.057712,
        18.330862
      ],
      [
        74.058074,
        18.330614
      ],
      [
        74.058243,
        18.330527
      ],
      [
        74.058374,
        18.330459
      ],
      [
        74.058735,
        18.330333
      ],
      [
        74.059567,
        18.330054
      ],
      [
        74.060457,
        18.329808
      ],
      [
        74.061407,
        18.329541
      ],
      [
        74.062399,
        18.329266
      ],
      [
        74.062534,
        18.32921
      ],
      [
        74.062761,
        18.329117
      ],
      [
        74.063101,
        18.328919
      ],
      [
        74.063855,
        18.328397
      ],
      [
        74.064655,
        18.327844
      ],
      [
        74.065379,
        18.32731
      ],
      [
        74.065497,
        18.327223
      ],
      [
        74.065703,
        18.327072
      ],
      [
        74.066334,
        18.326614
      ],
      [
        74.066922,
        18.326182
      ],
      [
        74.067173,
        18.326013
      ],
      [
        74.067204,
        18.325992
      ],
      [
        74.067412,
        18.325839
      ],
      [
        74.067974,
        18.325426
      ],
      [
        74.068009,
        18.3254
      ],
      [
        74.068902,
        18.324733
      ],
      [
        74.0694,
        18.324354
      ],
      [
        74.069447,
        18.324312
      ],
      [
        74.069764,
        18.324023
      ],
      [
        74.0701,
        18.32365
      ],
      [
        74.07058,
        18.323158
      ],
      [
        74.070932,
        18.322779
      ],
      [
        74.071058,
        18.322629
      ],
      [
        74.071246,
        18.322404
      ],
      [
        74.071601,
        18.322018
      ],
      [
        74.072206,
        18.321544
      ],
      [
        74.072529,
        18.321322
      ],
      [
        74.072722,
        18.32119
      ],
      [
        74.07304,
        18.320963
      ],
      [
        74.07349,
        18.320642
      ],
      [
        74.073944,
        18.320335
      ],
      [
        74.074688,
        18.319641
      ],
      [
        74.075408,
        18.319014
      ],
      [
        74.076074,
        18.318354
      ],
      [
        74.076212,
        18.318218
      ],
      [
        74.076301,
        18.318136
      ],
      [
        74.076622,
        18.31784
      ],
      [
        74.077186,
        18.317362
      ],
      [
        74.077692,
        18.317063
      ],
      [
        74.077753,
        18.317027
      ],
      [
        74.07803,
        18.316862
      ],
      [
        74.079888,
        18.315834
      ],
      [
        74.080749,
        18.315344
      ],
      [
        74.081907,
        18.314707
      ],
      [
        74.082769,
        18.314215
      ],
      [
        74.083169,
        18.313984
      ],
      [
        74.083268,
        18.313927
      ],
      [
        74.083778,
        18.313633
      ],
      [
        74.084175,
        18.313387
      ],
      [
        74.084277,
        18.313323
      ],
      [
        74.084554,
        18.313151
      ],
      [
        74.085333,
        18.312682
      ],
      [
        74.086202,
        18.312167
      ],
      [
        74.086795,
        18.311823
      ],
      [
        74.087364,
        18.311572
      ],
      [
        74.087562,
        18.311485
      ],
      [
        74.087657,
        18.311446
      ],
      [
        74.087935,
        18.311331
      ],
      [
        74.088621,
        18.311088
      ],
      [
        74.089036,
        18.310959
      ],
      [
        74.089392,
        18.310854
      ],
      [
        74.089777,
        18.31074
      ],
      [
        74.090084,
        18.310628
      ],
      [
        74.090333,
        18.310514
      ],
      [
        74.090505,
        18.310423
      ],
      [
        74.090649,
        18.310328
      ],
      [
        74.090831,
        18.310188
      ],
      [
        74.091125,
        18.309891
      ],
      [
        74.091586,
        18.309365
      ],
      [
        74.092126,
        18.308749
      ],
      [
        74.092797,
        18.308012
      ],
      [
        74.092953,
        18.307857
      ],
      [
        74.09317,
        18.307661
      ],
      [
        74.093977,
        18.30692
      ],
      [
        74.09469,
        18.306292
      ],
      [
        74.095163,
        18.305864
      ],
      [
        74.095404,
        18.305649
      ],
      [
        74.09602,
        18.305148
      ],
      [
        74.096612,
        18.304725
      ],
      [
        74.097185,
        18.304325
      ],
      [
        74.097815,
        18.303876
      ],
      [
        74.098671,
        18.303281
      ],
      [
        74.099025,
        18.303036
      ],
      [
        74.099944,
        18.302396
      ],
      [
        74.100637,
        18.301924
      ],
      [
        74.10117,
        18.301526
      ],
      [
        74.101316,
        18.301419
      ],
      [
        74.101611,
        18.301203
      ],
      [
        74.102426,
        18.300641
      ],
      [
        74.103387,
        18.299952
      ],
      [
        74.104385,
        18.299247
      ],
      [
        74.105326,
        18.298633
      ],
      [
        74.106116,
        18.29808
      ],
      [
        74.106707,
        18.297668
      ],
      [
        74.106948,
        18.297509
      ],
      [
        74.107198,
        18.297349
      ],
      [
        74.107997,
        18.296914
      ],
      [
        74.108891,
        18.296497
      ],
      [
        74.110494,
        18.295954
      ],
      [
        74.111446,
        18.295654
      ],
      [
        74.111661,
        18.295594
      ],
      [
        74.113359,
        18.295056
      ],
      [
        74.114642,
        18.294658
      ],
      [
        74.115677,
        18.294328
      ],
      [
        74.116652,
        18.294014
      ],
      [
        74.117677,
        18.2937
      ],
      [
        74.118312,
        18.293492
      ],
      [
        74.118913,
        18.293291
      ],
      [
        74.12034,
        18.292734
      ],
      [
        74.121778,
        18.292154
      ],
      [
        74.12317,
        18.291561
      ],
      [
        74.124487,
        18.291007
      ],
      [
        74.125456,
        18.290621
      ],
      [
        74.125674,
        18.290535
      ],
      [
        74.126915,
        18.290044
      ],
      [
        74.127695,
        18.289765
      ],
      [
        74.127975,
        18.289661
      ],
      [
        74.129019,
        18.289238
      ],
      [
        74.130304,
        18.288819
      ],
      [
        74.131405,
        18.288479
      ],
      [
        74.132514,
        18.288083
      ],
      [
        74.133373,
        18.287775
      ],
      [
        74.1345,
        18.287354
      ],
      [
        74.135261,
        18.28712
      ],
      [
        74.135621,
        18.28701
      ],
      [
        74.136613,
        18.2867
      ],
      [
        74.137354,
        18.28647
      ],
      [
        74.138167,
        18.286184
      ],
      [
        74.139465,
        18.285752
      ],
      [
        74.140467,
        18.285415
      ],
      [
        74.14153,
        18.285062
      ],
      [
        74.142063,
        18.2849
      ],
      [
        74.142253,
        18.284837
      ],
      [
        74.142642,
        18.284708
      ],
      [
        74.142974,
        18.284595
      ],
      [
        74.143883,
        18.284283
      ],
      [
        74.145108,
        18.283892
      ],
      [
        74.146115,
        18.283576
      ],
      [
        74.147053,
        18.283263
      ],
      [
        74.148096,
        18.28293
      ],
      [
        74.148786,
        18.282706
      ],
      [
        74.148832,
        18.282692
      ],
      [
        74.149018,
        18.282644
      ],
      [
        74.149416,
        18.282541
      ],
      [
        74.149916,
        18.282384
      ],
      [
        74.150745,
        18.282085
      ],
      [
        74.150928,
        18.28202
      ],
      [
        74.151239,
        18.281905
      ],
      [
        74.152401,
        18.281476
      ],
      [
        74.152423,
        18.281468
      ],
      [
        74.153462,
        18.281099
      ],
      [
        74.153682,
        18.28102
      ],
      [
        74.154272,
        18.280805
      ],
      [
        74.154507,
        18.280653
      ],
      [
        74.155804,
        18.280182
      ],
      [
        74.155906,
        18.280144
      ],
      [
        74.155932,
        18.280134
      ],
      [
        74.156304,
        18.279994
      ],
      [
        74.156888,
        18.279773
      ],
      [
        74.157197,
        18.279657
      ],
      [
        74.158652,
        18.279108
      ],
      [
        74.159431,
        18.278814
      ],
      [
        74.160039,
        18.278584
      ],
      [
        74.160181,
        18.278526
      ],
      [
        74.160086,
        18.278258
      ],
      [
        74.160043,
        18.278034
      ],
      [
        74.160017,
        18.277897
      ],
      [
        74.15998,
        18.277465
      ],
      [
        74.159972,
        18.277373
      ],
      [
        74.160126,
        18.27729
      ],
      [
        74.160427,
        18.27714
      ],
      [
        74.160553,
        18.277021
      ],
      [
        74.16047,
        18.276813
      ],
      [
        74.160553,
        18.277021
      ],
      [
        74.161269,
        18.276919
      ],
      [
        74.161968,
        18.276897
      ],
      [
        74.162193,
        18.276988
      ],
      [
        74.162322,
        18.277007
      ],
      [
        74.163047,
        18.27695
      ],
      [
        74.163327,
        18.276424
      ],
      [
        74.163435,
        18.276222
      ],
      [
        74.164172,
        18.275074
      ],
      [
        74.164231,
        18.274982
      ],
      [
        74.164323,
        18.27484
      ],
      [
        74.164409,
        18.274711
      ],
      [
        74.16455,
        18.274604
      ],
      [
        74.165142,
        18.273681
      ],
      [
        74.165486,
        18.273129
      ],
      [
        74.166002,
        18.272286
      ],
      [
        74.166302,
        18.27181
      ],
      [
        74.166798,
        18.271106
      ],
      [
        74.16729,
        18.270345
      ],
      [
        74.167742,
        18.269644
      ],
      [
        74.168255,
        18.26885
      ],
      [
        74.168746,
        18.268027
      ],
      [
        74.169044,
        18.267543
      ],
      [
        74.169474,
        18.2668
      ],
      [
        74.169856,
        18.266169
      ],
      [
        74.170349,
        18.265392
      ],
      [
        74.17087,
        18.264506
      ],
      [
        74.171032,
        18.264242
      ],
      [
        74.171514,
        18.263456
      ],
      [
        74.171961,
        18.262707
      ],
      [
        74.172505,
        18.261814
      ],
      [
        74.172892,
        18.261146
      ],
      [
        74.173254,
        18.260599
      ],
      [
        74.173813,
        18.259692
      ],
      [
        74.174452,
        18.258642
      ],
      [
        74.174894,
        18.257777
      ],
      [
        74.175328,
        18.257046
      ],
      [
        74.175358,
        18.256995
      ],
      [
        74.175727,
        18.25629
      ],
      [
        74.176089,
        18.255621
      ],
      [
        74.176535,
        18.254823
      ],
      [
        74.176748,
        18.254406
      ],
      [
        74.177117,
        18.253709
      ],
      [
        74.17724,
        18.253404
      ],
      [
        74.177313,
        18.25315
      ],
      [
        74.177556,
        18.252319
      ],
      [
        74.17778,
        18.251621
      ],
      [
        74.178054,
        18.250714
      ],
      [
        74.178343,
        18.249846
      ],
      [
        74.17862,
        18.24893
      ],
      [
        74.178826,
        18.248243
      ],
      [
        74.178933,
        18.247657
      ],
      [
        74.178969,
        18.247158
      ],
      [
        74.178932,
        18.246619
      ],
      [
        74.17885,
        18.246221
      ],
      [
        74.178719,
        18.245647
      ],
      [
        74.178641,
        18.245412
      ],
      [
        74.17858,
        18.245251
      ],
      [
        74.178495,
        18.245024
      ],
      [
        74.178355,
        18.244693
      ],
      [
        74.178157,
        18.244354
      ],
      [
        74.177875,
        18.244066
      ],
      [
        74.177541,
        18.243809
      ],
      [
        74.177108,
        18.243622
      ],
      [
        74.176798,
        18.243554
      ],
      [
        74.176436,
        18.243544
      ],
      [
        74.176001,
        18.243599
      ],
      [
        74.175618,
        18.243639
      ],
      [
        74.17523,
        18.243653
      ],
      [
        74.174928,
        18.243613
      ],
      [
        74.174711,
        18.243553
      ],
      [
        74.174396,
        18.24342
      ],
      [
        74.174193,
        18.243297
      ],
      [
        74.173961,
        18.243118
      ],
      [
        74.173653,
        18.242862
      ],
      [
        74.173037,
        18.242277
      ],
      [
        74.172632,
        18.241878
      ],
      [
        74.172327,
        18.241536
      ],
      [
        74.172119,
        18.241207
      ],
      [
        74.172041,
        18.240944
      ],
      [
        74.171971,
        18.240381
      ],
      [
        74.171918,
        18.239709
      ],
      [
        74.171878,
        18.239096
      ],
      [
        74.17187,
        18.238627
      ],
      [
        74.171801,
        18.237994
      ],
      [
        74.171712,
        18.237683
      ],
      [
        74.171558,
        18.237312
      ],
      [
        74.171417,
        18.237046
      ],
      [
        74.171097,
        18.236546
      ],
      [
        74.170723,
        18.235932
      ],
      [
        74.170334,
        18.235387
      ],
      [
        74.16983,
        18.234797
      ],
      [
        74.169623,
        18.234498
      ],
      [
        74.16955,
        18.23439
      ],
      [
        74.16944,
        18.234215
      ],
      [
        74.169063,
        18.233231
      ],
      [
        74.168715,
        18.232063
      ],
      [
        74.168504,
        18.231351
      ],
      [
        74.168297,
        18.230711
      ],
      [
        74.168031,
        18.229923
      ],
      [
        74.167734,
        18.229039
      ],
      [
        74.167421,
        18.22818
      ],
      [
        74.167198,
        18.227514
      ],
      [
        74.167033,
        18.227036
      ],
      [
        74.166723,
        18.22621
      ],
      [
        74.166293,
        18.225004
      ],
      [
        74.166002,
        18.224199
      ],
      [
        74.16564,
        18.223229
      ],
      [
        74.165399,
        18.222523
      ],
      [
        74.165117,
        18.221789
      ],
      [
        74.164792,
        18.220933
      ],
      [
        74.164676,
        18.220611
      ],
      [
        74.164451,
        18.219901
      ],
      [
        74.16432,
        18.219465
      ],
      [
        74.164188,
        18.21905
      ],
      [
        74.163952,
        18.218462
      ],
      [
        74.163817,
        18.218006
      ],
      [
        74.163656,
        18.217506
      ],
      [
        74.163527,
        18.217128
      ],
      [
        74.163452,
        18.216871
      ],
      [
        74.163389,
        18.216671
      ],
      [
        74.163265,
        18.216262
      ],
      [
        74.163172,
        18.2158
      ],
      [
        74.163051,
        18.215389
      ],
      [
        74.162933,
        18.21491
      ],
      [
        74.162827,
        18.214464
      ],
      [
        74.162702,
        18.214176
      ],
      [
        74.162568,
        18.213962
      ],
      [
        74.162423,
        18.213752
      ],
      [
        74.162327,
        18.213627
      ],
      [
        74.162078,
        18.213269
      ],
      [
        74.16192,
        18.213014
      ],
      [
        74.161859,
        18.212676
      ],
      [
        74.161848,
        18.212405
      ],
      [
        74.161826,
        18.212008
      ],
      [
        74.161781,
        18.211561
      ],
      [
        74.161674,
        18.211019
      ],
      [
        74.16156,
        18.21047
      ],
      [
        74.16144,
        18.210013
      ],
      [
        74.161215,
        18.209197
      ],
      [
        74.160891,
        18.208026
      ],
      [
        74.160549,
        18.206849
      ],
      [
        74.160151,
        18.20543
      ],
      [
        74.159581,
        18.203608
      ],
      [
        74.159312,
        18.202704
      ],
      [
        74.15909,
        18.201907
      ],
      [
        74.158944,
        18.20128
      ],
      [
        74.158662,
        18.200097
      ],
      [
        74.158379,
        18.199288
      ],
      [
        74.158181,
        18.198759
      ],
      [
        74.157844,
        18.197822
      ],
      [
        74.157584,
        18.196962
      ],
      [
        74.157438,
        18.196512
      ],
      [
        74.157325,
        18.196215
      ],
      [
        74.157167,
        18.195792
      ],
      [
        74.156763,
        18.194776
      ],
      [
        74.156471,
        18.19398
      ],
      [
        74.156332,
        18.193568
      ],
      [
        74.156244,
        18.193271
      ],
      [
        74.156141,
        18.192877
      ],
      [
        74.155871,
        18.19189
      ],
      [
        74.155659,
        18.191141
      ],
      [
        74.15551,
        18.190586
      ],
      [
        74.155327,
        18.189842
      ],
      [
        74.155103,
        18.188905
      ],
      [
        74.155011,
        18.188359
      ],
      [
        74.154989,
        18.18815
      ],
      [
        74.154917,
        18.187952
      ],
      [
        74.154922,
        18.187772
      ],
      [
        74.154924,
        18.18762
      ],
      [
        74.15497,
        18.187519
      ],
      [
        74.154716,
        18.187459
      ],
      [
        74.154374,
        18.187418
      ],
      [
        74.154315,
        18.187257
      ],
      [
        74.154308,
        18.187241
      ],
      [
        74.154251,
        18.187163
      ],
      [
        74.15423,
        18.187133
      ],
      [
        74.154171,
        18.187129
      ],
      [
        74.153845,
        18.187199
      ],
      [
        74.153695,
        18.187232
      ],
      [
        74.153682,
        18.187238
      ],
      [
        74.153608,
        18.18727
      ],
      [
        74.153572,
        18.187305
      ],
      [
        74.153528,
        18.187346
      ],
      [
        74.153234,
        18.1875
      ],
      [
        74.153148,
        18.18751
      ],
      [
        74.153093,
        18.187489
      ],
      [
        74.153071,
        18.187454
      ],
      [
        74.153042,
        18.187307
      ],
      [
        74.152925,
        18.186452
      ],
      [
        74.1529,
        18.186361
      ],
      [
        74.152925,
        18.186452
      ],
      [
        74.153042,
        18.187307
      ],
      [
        74.153071,
        18.187454
      ],
      [
        74.153093,
        18.187489
      ],
      [
        74.153148,
        18.18751
      ],
      [
        74.153234,
        18.1875
      ],
      [
        74.153528,
        18.187346
      ],
      [
        74.153572,
        18.187305
      ],
      [
        74.153608,
        18.18727
      ],
      [
        74.153682,
        18.187238
      ],
      [
        74.153695,
        18.187232
      ],
      [
        74.153845,
        18.187199
      ],
      [
        74.154171,
        18.187129
      ],
      [
        74.15423,
        18.187133
      ],
      [
        74.154251,
        18.187163
      ],
      [
        74.154308,
        18.187241
      ],
      [
        74.154315,
        18.187257
      ],
      [
        74.154374,
        18.187418
      ],
      [
        74.154716,
        18.187459
      ],
      [
        74.15497,
        18.187519
      ],
      [
        74.155284,
        18.186822
      ],
      [
        74.155714,
        18.186326
      ],
      [
        74.15588,
        18.186186
      ],
      [
        74.15598,
        18.186047
      ],
      [
        74.156132,
        18.185847
      ],
      [
        74.156618,
        18.185252
      ],
      [
        74.156763,
        18.185098
      ],
      [
        74.157017,
        18.184827
      ],
      [
        74.157775,
        18.183985
      ],
      [
        74.158192,
        18.18349
      ],
      [
        74.158524,
        18.183082
      ],
      [
        74.158803,
        18.182772
      ],
      [
        74.159109,
        18.182415
      ],
      [
        74.159387,
        18.182127
      ],
      [
        74.159616,
        18.181866
      ],
      [
        74.159982,
        18.181448
      ],
      [
        74.160189,
        18.181211
      ],
      [
        74.160583,
        18.180741
      ],
      [
        74.160937,
        18.18035
      ],
      [
        74.161318,
        18.179981
      ],
      [
        74.161602,
        18.179759
      ],
      [
        74.162113,
        18.179287
      ],
      [
        74.162515,
        18.178915
      ],
      [
        74.162971,
        18.17848
      ],
      [
        74.163275,
        18.178159
      ],
      [
        74.163581,
        18.177757
      ],
      [
        74.163947,
        18.177266
      ],
      [
        74.164304,
        18.176665
      ],
      [
        74.164681,
        18.176059
      ],
      [
        74.164873,
        18.175701
      ],
      [
        74.164948,
        18.175545
      ],
      [
        74.165175,
        18.174997
      ],
      [
        74.165317,
        18.174609
      ],
      [
        74.165605,
        18.17378
      ],
      [
        74.165779,
        18.173272
      ],
      [
        74.165963,
        18.17257
      ],
      [
        74.166063,
        18.172195
      ],
      [
        74.166221,
        18.171696
      ],
      [
        74.166389,
        18.171049
      ],
      [
        74.16666,
        18.170269
      ],
      [
        74.166845,
        18.169722
      ],
      [
        74.167124,
        18.168886
      ],
      [
        74.167281,
        18.168369
      ],
      [
        74.167472,
        18.167773
      ],
      [
        74.167636,
        18.167227
      ],
      [
        74.167744,
        18.166872
      ],
      [
        74.167822,
        18.166632
      ],
      [
        74.168687,
        18.163998
      ],
      [
        74.169343,
        18.161977
      ],
      [
        74.169838,
        18.160662
      ],
      [
        74.170257,
        18.159995
      ],
      [
        74.171025,
        18.158802
      ],
      [
        74.171405,
        18.158093
      ],
      [
        74.171805,
        18.157258
      ],
      [
        74.172336,
        18.155848
      ],
      [
        74.1728,
        18.154399
      ],
      [
        74.173241,
        18.153082
      ],
      [
        74.173378,
        18.152679
      ],
      [
        74.173484,
        18.152351
      ],
      [
        74.173688,
        18.152062
      ],
      [
        74.174078,
        18.151528
      ],
      [
        74.174239,
        18.151303
      ],
      [
        74.174397,
        18.15106
      ],
      [
        74.1752,
        18.149874
      ],
      [
        74.175994,
        18.148736
      ],
      [
        74.176483,
        18.148022
      ],
      [
        74.177061,
        18.147177
      ],
      [
        74.178434,
        18.145353
      ],
      [
        74.179456,
        18.143948
      ],
      [
        74.17957,
        18.143792
      ],
      [
        74.180573,
        18.142472
      ],
      [
        74.181621,
        18.14111
      ],
      [
        74.182573,
        18.139812
      ],
      [
        74.182917,
        18.139342
      ],
      [
        74.184862,
        18.136816
      ],
      [
        74.185212,
        18.136272
      ],
      [
        74.186089,
        18.135092
      ],
      [
        74.186855,
        18.134086
      ],
      [
        74.188518,
        18.131895
      ],
      [
        74.189606,
        18.130487
      ],
      [
        74.190082,
        18.129812
      ],
      [
        74.190832,
        18.12887
      ],
      [
        74.191937,
        18.127408
      ],
      [
        74.193697,
        18.12513
      ],
      [
        74.194154,
        18.124578
      ],
      [
        74.194511,
        18.124162
      ],
      [
        74.194847,
        18.123768
      ],
      [
        74.194951,
        18.123649
      ],
      [
        74.195053,
        18.123514
      ],
      [
        74.195078,
        18.123483
      ],
      [
        74.195136,
        18.123408
      ],
      [
        74.196305,
        18.12173
      ],
      [
        74.196998,
        18.120768
      ],
      [
        74.19734,
        18.120314
      ],
      [
        74.198613,
        18.118623
      ],
      [
        74.199216,
        18.117834
      ],
      [
        74.199368,
        18.117635
      ],
      [
        74.200546,
        18.116094
      ],
      [
        74.201423,
        18.114933
      ],
      [
        74.20346,
        18.112225
      ],
      [
        74.204006,
        18.111448
      ],
      [
        74.204688,
        18.110333
      ],
      [
        74.205263,
        18.109411
      ],
      [
        74.205712,
        18.108657
      ],
      [
        74.205801,
        18.108506
      ],
      [
        74.206333,
        18.107714
      ],
      [
        74.207221,
        18.106601
      ],
      [
        74.207342,
        18.106461
      ],
      [
        74.208274,
        18.105365
      ],
      [
        74.209752,
        18.103522
      ],
      [
        74.210337,
        18.102839
      ],
      [
        74.210487,
        18.10266
      ],
      [
        74.210558,
        18.102576
      ],
      [
        74.211072,
        18.101964
      ],
      [
        74.211393,
        18.101581
      ],
      [
        74.211447,
        18.101516
      ],
      [
        74.211842,
        18.100993
      ],
      [
        74.211918,
        18.100892
      ],
      [
        74.212221,
        18.100491
      ],
      [
        74.212399,
        18.100254
      ],
      [
        74.212739,
        18.099803
      ],
      [
        74.212881,
        18.099616
      ],
      [
        74.213287,
        18.0991
      ],
      [
        74.213363,
        18.09898
      ],
      [
        74.213341,
        18.098415
      ],
      [
        74.213292,
        18.097998
      ],
      [
        74.213254,
        18.097624
      ],
      [
        74.213103,
        18.096157
      ],
      [
        74.213116,
        18.095954
      ],
      [
        74.213208,
        18.095682
      ],
      [
        74.213394,
        18.095472
      ],
      [
        74.213555,
        18.095133
      ],
      [
        74.213561,
        18.095038
      ],
      [
        74.213588,
        18.094624
      ],
      [
        74.213615,
        18.094197
      ],
      [
        74.213654,
        18.093597
      ],
      [
        74.213626,
        18.092273
      ],
      [
        74.213588,
        18.091788
      ],
      [
        74.213575,
        18.091676
      ],
      [
        74.213532,
        18.091513
      ],
      [
        74.213296,
        18.09098
      ],
      [
        74.212056,
        18.088757
      ],
      [
        74.211276,
        18.087314
      ],
      [
        74.210866,
        18.0865
      ],
      [
        74.210721,
        18.086192
      ],
      [
        74.210477,
        18.085531
      ],
      [
        74.21029,
        18.084946
      ],
      [
        74.210232,
        18.084817
      ],
      [
        74.210101,
        18.084585
      ],
      [
        74.210015,
        18.084483
      ],
      [
        74.20956,
        18.084102
      ],
      [
        74.209345,
        18.083912
      ],
      [
        74.209216,
        18.083757
      ],
      [
        74.209114,
        18.083578
      ],
      [
        74.209044,
        18.083392
      ],
      [
        74.209009,
        18.083186
      ],
      [
        74.208985,
        18.082691
      ],
      [
        74.208932,
        18.081913
      ],
      [
        74.208865,
        18.081064
      ],
      [
        74.208835,
        18.080419
      ],
      [
        74.208806,
        18.080241
      ],
      [
        74.208709,
        18.079863
      ],
      [
        74.208253,
        18.07842
      ],
      [
        74.207853,
        18.077199
      ],
      [
        74.207687,
        18.076811
      ],
      [
        74.20758,
        18.076623
      ],
      [
        74.207456,
        18.076439
      ],
      [
        74.207336,
        18.076301
      ],
      [
        74.206899,
        18.075898
      ],
      [
        74.206711,
        18.075697
      ],
      [
        74.206475,
        18.075414
      ],
      [
        74.20629,
        18.075108
      ],
      [
        74.206094,
        18.074759
      ],
      [
        74.205826,
        18.074266
      ],
      [
        74.20401,
        18.07067
      ],
      [
        74.203437,
        18.069558
      ],
      [
        74.203157,
        18.069014
      ],
      [
        74.202728,
        18.068188
      ],
      [
        74.202329,
        18.067343
      ],
      [
        74.20138,
        18.064878
      ],
      [
        74.201272,
        18.064599
      ],
      [
        74.200137,
        18.061653
      ],
      [
        74.199927,
        18.06094
      ],
      [
        74.199792,
        18.060284
      ],
      [
        74.199878,
        18.059085
      ],
      [
        74.19984,
        18.058744
      ],
      [
        74.199687,
        18.058421
      ],
      [
        74.199617,
        18.058326
      ],
      [
        74.199411,
        18.058143
      ],
      [
        74.198944,
        18.057741
      ],
      [
        74.198737,
        18.057531
      ],
      [
        74.198528,
        18.057233
      ],
      [
        74.192258,
        18.046383
      ],
      [
        74.191932,
        18.045843
      ],
      [
        74.191494,
        18.04512
      ],
      [
        74.190846,
        18.044047
      ],
      [
        74.19031,
        18.043162
      ],
      [
        74.189525,
        18.041864
      ],
      [
        74.189205,
        18.04131
      ],
      [
        74.188892,
        18.040768
      ],
      [
        74.188613,
        18.040285
      ],
      [
        74.188089,
        18.039434
      ],
      [
        74.187823,
        18.039484
      ],
      [
        74.187511,
        18.039471
      ],
      [
        74.18708,
        18.039428
      ],
      [
        74.186928,
        18.039412
      ],
      [
        74.18694,
        18.039238
      ],
      [
        74.186935,
        18.039075
      ],
      [
        74.186937,
        18.038798
      ],
      [
        74.186935,
        18.039075
      ],
      [
        74.18694,
        18.039238
      ],
      [
        74.186928,
        18.039412
      ],
      [
        74.18708,
        18.039428
      ],
      [
        74.187511,
        18.039471
      ],
      [
        74.187823,
        18.039484
      ],
      [
        74.188089,
        18.039434
      ],
      [
        74.188613,
        18.040285
      ],
      [
        74.188892,
        18.040768
      ],
      [
        74.189205,
        18.04131
      ],
      [
        74.189525,
        18.041864
      ],
      [
        74.19031,
        18.043162
      ],
      [
        74.190846,
        18.044047
      ],
      [
        74.191494,
        18.04512
      ],
      [
        74.191932,
        18.045843
      ],
      [
        74.192258,
        18.046383
      ],
      [
        74.193587,
        18.045669
      ],
      [
        74.19385,
        18.04553
      ],
      [
        74.194285,
        18.045307
      ],
      [
        74.194497,
        18.045103
      ],
      [
        74.194664,
        18.044855
      ],
      [
        74.194721,
        18.044647
      ],
      [
        74.194794,
        18.044408
      ],
      [
        74.194777,
        18.044088
      ],
      [
        74.194704,
        18.043865
      ],
      [
        74.194667,
        18.043806
      ],
      [
        74.194596,
        18.043694
      ],
      [
        74.19423,
        18.043228
      ],
      [
        74.193749,
        18.042616
      ],
      [
        74.193428,
        18.042207
      ],
      [
        74.193288,
        18.041875
      ],
      [
        74.193244,
        18.041596
      ],
      [
        74.193217,
        18.041428
      ],
      [
        74.193304,
        18.040763
      ],
      [
        74.193592,
        18.039843
      ],
      [
        74.193717,
        18.039444
      ],
      [
        74.193782,
        18.039341
      ],
      [
        74.193852,
        18.039227
      ],
      [
        74.194102,
        18.039052
      ],
      [
        74.195052,
        18.038648
      ],
      [
        74.198205,
        18.0375
      ],
      [
        74.19868,
        18.037327
      ],
      [
        74.199604,
        18.03699
      ],
      [
        74.202048,
        18.036177
      ],
      [
        74.204041,
        18.035595
      ],
      [
        74.204093,
        18.035581
      ],
      [
        74.204506,
        18.035476
      ],
      [
        74.206482,
        18.035073
      ],
      [
        74.207475,
        18.034907
      ],
      [
        74.211315,
        18.034263
      ],
      [
        74.215215,
        18.033571
      ],
      [
        74.215655,
        18.033493
      ],
      [
        74.216329,
        18.033373
      ],
      [
        74.220845,
        18.032561
      ],
      [
        74.222294,
        18.032301
      ],
      [
        74.226884,
        18.031457
      ],
      [
        74.228295,
        18.031223
      ],
      [
        74.229567,
        18.031066
      ],
      [
        74.230679,
        18.030988
      ],
      [
        74.232776,
        18.030871
      ],
      [
        74.233643,
        18.030797
      ],
      [
        74.234602,
        18.030688
      ],
      [
        74.235339,
        18.030604
      ],
      [
        74.239128,
        18.030193
      ],
      [
        74.243605,
        18.029709
      ],
      [
        74.24399,
        18.029663
      ],
      [
        74.246415,
        18.029355
      ],
      [
        74.246773,
        18.029317
      ],
      [
        74.247115,
        18.029297
      ],
      [
        74.247276,
        18.029304
      ],
      [
        74.247425,
        18.029294
      ],
      [
        74.247469,
        18.02929
      ],
      [
        74.247758,
        18.029272
      ],
      [
        74.248719,
        18.029059
      ],
      [
        74.249596,
        18.028881
      ],
      [
        74.250272,
        18.028731
      ],
      [
        74.25209,
        18.028303
      ],
      [
        74.252413,
        18.028212
      ],
      [
        74.252655,
        18.028133
      ],
      [
        74.252915,
        18.028009
      ],
      [
        74.253255,
        18.027822
      ],
      [
        74.253453,
        18.027699
      ],
      [
        74.253372,
        18.02762
      ],
      [
        74.252854,
        18.027933
      ],
      [
        74.252533,
        18.028072
      ],
      [
        74.252147,
        18.028189
      ],
      [
        74.250244,
        18.028642
      ],
      [
        74.249583,
        18.028796
      ],
      [
        74.247968,
        18.02915
      ],
      [
        74.247767,
        18.029194
      ],
      [
        74.247515,
        18.029207
      ],
      [
        74.247414,
        18.029212
      ],
      [
        74.247405,
        18.028777
      ],
      [
        74.247394,
        18.028539
      ],
      [
        74.247387,
        18.028378
      ],
      [
        74.247309,
        18.027412
      ],
      [
        74.247297,
        18.027259
      ],
      [
        74.247218,
        18.026288
      ],
      [
        74.247395,
        18.026282
      ],
      [
        74.247513,
        18.026234
      ],
      [
        74.247733,
        18.026114
      ],
      [
        74.247918,
        18.025916
      ],
      [
        74.248002,
        18.025802
      ],
      [
        74.248024,
        18.025751
      ],
      [
        74.248038,
        18.025719
      ],
      [
        74.248044,
        18.025512
      ],
      [
        74.24799,
        18.024899
      ],
      [
        74.248028,
        18.024876
      ],
      [
        74.248313,
        18.024718
      ],
      [
        74.248374,
        18.024681
      ],
      [
        74.248398,
        18.024652
      ],
      [
        74.24841,
        18.024581
      ],
      [
        74.248494,
        18.02449
      ],
      [
        74.248791,
        18.024294
      ],
      [
        74.248902,
        18.024221
      ],
      [
        74.249146,
        18.024146
      ],
      [
        74.249233,
        18.024132
      ],
      [
        74.249315,
        18.024146
      ],
      [
        74.249437,
        18.02419
      ],
      [
        74.249868,
        18.024459
      ],
      [
        74.250315,
        18.024679
      ],
      [
        74.250374,
        18.024698
      ],
      [
        74.250419,
        18.024702
      ],
      [
        74.251612,
        18.024364
      ],
      [
        74.251695,
        18.024362
      ],
      [
        74.251734,
        18.02437
      ],
      [
        74.251766,
        18.024395
      ],
      [
        74.25188,
        18.024583
      ],
      [
        74.252684,
        18.025755
      ],
      [
        74.252775,
        18.025849
      ],
      [
        74.252743,
        18.026033
      ],
      [
        74.252724,
        18.026219
      ],
      [
        74.252738,
        18.026321
      ],
      [
        74.253006,
        18.026882
      ],
      [
        74.253175,
        18.027255
      ],
      [
        74.253263,
        18.027477
      ],
      [
        74.253372,
        18.02762
      ],
      [
        74.253453,
        18.027699
      ],
      [
        74.254576,
        18.026998
      ],
      [
        74.255186,
        18.026688
      ],
      [
        74.255926,
        18.026365
      ],
      [
        74.256298,
        18.026213
      ],
      [
        74.256725,
        18.026061
      ],
      [
        74.258513,
        18.025581
      ],
      [
        74.267184,
        18.023398
      ],
      [
        74.267634,
        18.023285
      ],
      [
        74.26807,
        18.023175
      ],
      [
        74.272112,
        18.022153
      ],
      [
        74.273228,
        18.02191
      ],
      [
        74.273709,
        18.021813
      ],
      [
        74.279684,
        18.020601
      ],
      [
        74.28064,
        18.020408
      ],
      [
        74.282584,
        18.019874
      ],
      [
        74.285238,
        18.019145
      ],
      [
        74.286105,
        18.018864
      ],
      [
        74.289894,
        18.017451
      ],
      [
        74.290735,
        18.017186
      ],
      [
        74.291158,
        18.017099
      ],
      [
        74.291963,
        18.016991
      ],
      [
        74.292662,
        18.016888
      ],
      [
        74.293315,
        18.016793
      ],
      [
        74.294635,
        18.016707
      ],
      [
        74.295917,
        18.016621
      ],
      [
        74.296842,
        18.016577
      ],
      [
        74.297342,
        18.01663
      ],
      [
        74.299243,
        18.017102
      ],
      [
        74.299601,
        18.017197
      ],
      [
        74.299967,
        18.01723
      ],
      [
        74.300402,
        18.017227
      ],
      [
        74.301124,
        18.017161
      ],
      [
        74.301838,
        18.017116
      ],
      [
        74.302385,
        18.017116
      ],
      [
        74.304251,
        18.017283
      ],
      [
        74.305265,
        18.017368
      ],
      [
        74.305512,
        18.017388
      ],
      [
        74.306567,
        18.017483
      ],
      [
        74.308862,
        18.017462
      ],
      [
        74.31335,
        18.017418
      ],
      [
        74.316758,
        18.017407
      ],
      [
        74.321982,
        18.017318
      ],
      [
        74.325487,
        18.017283
      ],
      [
        74.326205,
        18.017274
      ],
      [
        74.326674,
        18.017265
      ],
      [
        74.327321,
        18.017249
      ],
      [
        74.328391,
        18.017098
      ],
      [
        74.329486,
        18.016933
      ],
      [
        74.330072,
        18.016824
      ],
      [
        74.330717,
        18.016655
      ],
      [
        74.332591,
        18.016065
      ],
      [
        74.335758,
        18.015037
      ],
      [
        74.336639,
        18.014758
      ],
      [
        74.338444,
        18.014161
      ],
      [
        74.338903,
        18.014064
      ],
      [
        74.339599,
        18.01392
      ],
      [
        74.340215,
        18.013784
      ],
      [
        74.341966,
        18.013403
      ],
      [
        74.343593,
        18.013024
      ],
      [
        74.345261,
        18.012667
      ],
      [
        74.345542,
        18.012606
      ],
      [
        74.347294,
        18.012193
      ],
      [
        74.347883,
        18.012049
      ],
      [
        74.348912,
        18.011806
      ],
      [
        74.354182,
        18.010432
      ],
      [
        74.355543,
        18.010085
      ],
      [
        74.357711,
        18.009466
      ],
      [
        74.358335,
        18.009319
      ],
      [
        74.359491,
        18.009083
      ],
      [
        74.359914,
        18.00899
      ],
      [
        74.360979,
        18.008789
      ],
      [
        74.361357,
        18.00868
      ],
      [
        74.365026,
        18.007899
      ],
      [
        74.366726,
        18.007522
      ],
      [
        74.371481,
        18.00647
      ],
      [
        74.373631,
        18.006047
      ],
      [
        74.374398,
        18.005914
      ],
      [
        74.375115,
        18.005829
      ],
      [
        74.375201,
        18.005816
      ],
      [
        74.377665,
        18.005486
      ],
      [
        74.378534,
        18.00539
      ],
      [
        74.381241,
        18.005147
      ],
      [
        74.382393,
        18.005043
      ],
      [
        74.384279,
        18.004874
      ],
      [
        74.390253,
        18.004322
      ],
      [
        74.398189,
        18.003545
      ],
      [
        74.403143,
        18.003043
      ],
      [
        74.415622,
        18.001814
      ],
      [
        74.415931,
        18.001736
      ],
      [
        74.422155,
        18.001118
      ],
      [
        74.424279,
        18.000908
      ],
      [
        74.424334,
        18.000897
      ],
      [
        74.424573,
        18.000848
      ],
      [
        74.424715,
        18.000755
      ],
      [
        74.424865,
        18.000631
      ],
      [
        74.42514,
        18.00038
      ],
      [
        74.425389,
        18.000174
      ],
      [
        74.425687,
        17.999928
      ],
      [
        74.42584,
        17.999805
      ],
      [
        74.426027,
        17.999646
      ],
      [
        74.426459,
        17.999289
      ],
      [
        74.427414,
        17.998513
      ],
      [
        74.427657,
        17.998335
      ],
      [
        74.427961,
        17.998111
      ],
      [
        74.428327,
        17.997842
      ],
      [
        74.428476,
        17.997733
      ],
      [
        74.428737,
        17.997579
      ],
      [
        74.428949,
        17.997501
      ],
      [
        74.429283,
        17.997396
      ],
      [
        74.429307,
        17.997396
      ],
      [
        74.429334,
        17.997396
      ],
      [
        74.429528,
        17.997396
      ],
      [
        74.430338,
        17.997545
      ],
      [
        74.431298,
        17.99775
      ],
      [
        74.431718,
        17.997831
      ],
      [
        74.431892,
        17.997848
      ],
      [
        74.432067,
        17.99782
      ],
      [
        74.432184,
        17.997792
      ],
      [
        74.432302,
        17.997743
      ],
      [
        74.432529,
        17.997594
      ],
      [
        74.432772,
        17.997409
      ],
      [
        74.433077,
        17.997129
      ],
      [
        74.433844,
        17.996301
      ],
      [
        74.435129,
        17.99474
      ],
      [
        74.43581,
        17.993913
      ],
      [
        74.436227,
        17.993406
      ],
      [
        74.436639,
        17.993014
      ],
      [
        74.437034,
        17.992637
      ],
      [
        74.437202,
        17.992504
      ],
      [
        74.437782,
        17.992122
      ],
      [
        74.438012,
        17.99198
      ],
      [
        74.43812,
        17.991904
      ],
      [
        74.438191,
        17.991829
      ],
      [
        74.438213,
        17.991778
      ],
      [
        74.438328,
        17.99156
      ],
      [
        74.438399,
        17.991376
      ],
      [
        74.438497,
        17.990987
      ],
      [
        74.438524,
        17.990666
      ],
      [
        74.438508,
        17.990336
      ],
      [
        74.438477,
        17.990126
      ],
      [
        74.438313,
        17.989122
      ],
      [
        74.438249,
        17.988794
      ],
      [
        74.43817,
        17.988488
      ],
      [
        74.438154,
        17.988436
      ],
      [
        74.438106,
        17.988278
      ],
      [
        74.438026,
        17.988014
      ],
      [
        74.437911,
        17.987818
      ],
      [
        74.43773,
        17.987511
      ],
      [
        74.43733,
        17.986826
      ],
      [
        74.437189,
        17.986531
      ],
      [
        74.437013,
        17.986164
      ],
      [
        74.436944,
        17.98602
      ],
      [
        74.436784,
        17.985741
      ],
      [
        74.436568,
        17.985367
      ],
      [
        74.436191,
        17.98503
      ],
      [
        74.436096,
        17.984954
      ],
      [
        74.435817,
        17.984696
      ],
      [
        74.435699,
        17.984591
      ],
      [
        74.435165,
        17.984161
      ],
      [
        74.435088,
        17.984099
      ],
      [
        74.434101,
        17.983305
      ],
      [
        74.432793,
        17.982562
      ],
      [
        74.432484,
        17.982421
      ],
      [
        74.432404,
        17.982395
      ],
      [
        74.432246,
        17.982327
      ],
      [
        74.430731,
        17.981886
      ],
      [
        74.430281,
        17.981814
      ],
      [
        74.429584,
        17.981702
      ],
      [
        74.429272,
        17.980513
      ],
      [
        74.429209,
        17.98027
      ],
      [
        74.429173,
        17.980135
      ],
      [
        74.428387,
        17.977133
      ],
      [
        74.428115,
        17.976097
      ],
      [
        74.427923,
        17.975362
      ],
      [
        74.427719,
        17.974545
      ],
      [
        74.427542,
        17.973829
      ],
      [
        74.42742,
        17.973341
      ],
      [
        74.427145,
        17.972342
      ],
      [
        74.427131,
        17.972293
      ],
      [
        74.426021,
        17.970964
      ],
      [
        74.425689,
        17.970567
      ],
      [
        74.425385,
        17.970203
      ],
      [
        74.425113,
        17.969879
      ],
      [
        74.424793,
        17.969496
      ],
      [
        74.424658,
        17.969334
      ],
      [
        74.424409,
        17.969063
      ],
      [
        74.424354,
        17.969003
      ],
      [
        74.424171,
        17.968633
      ],
      [
        74.42409,
        17.968467
      ],
      [
        74.424055,
        17.968115
      ],
      [
        74.424001,
        17.967563
      ],
      [
        74.423994,
        17.967488
      ],
      [
        74.423992,
        17.966971
      ],
      [
        74.42399,
        17.966405
      ],
      [
        74.423989,
        17.965984
      ],
      [
        74.423975,
        17.965833
      ],
      [
        74.423959,
        17.96566
      ],
      [
        74.423941,
        17.965469
      ],
      [
        74.423843,
        17.965337
      ],
      [
        74.423511,
        17.964893
      ],
      [
        74.421574,
        17.963779
      ],
      [
        74.419778,
        17.962959
      ],
      [
        74.419285,
        17.962839
      ],
      [
        74.418453,
        17.962931
      ],
      [
        74.417847,
        17.963079
      ],
      [
        74.417103,
        17.963241
      ],
      [
        74.416709,
        17.962231
      ],
      [
        74.416579,
        17.961608
      ],
      [
        74.416393,
        17.960873
      ],
      [
        74.416022,
        17.960019
      ],
      [
        74.415709,
        17.959697
      ],
      [
        74.415304,
        17.958814
      ],
      [
        74.414931,
        17.957719
      ],
      [
        74.415304,
        17.958814
      ],
      [
        74.415709,
        17.959697
      ],
      [
        74.416022,
        17.960019
      ],
      [
        74.416393,
        17.960873
      ],
      [
        74.416579,
        17.961608
      ],
      [
        74.416709,
        17.962231
      ],
      [
        74.417103,
        17.963241
      ],
      [
        74.417847,
        17.963079
      ],
      [
        74.418453,
        17.962931
      ],
      [
        74.419285,
        17.962839
      ],
      [
        74.419778,
        17.962959
      ],
      [
        74.421574,
        17.963779
      ],
      [
        74.423511,
        17.964893
      ],
      [
        74.423843,
        17.965337
      ],
      [
        74.423941,
        17.965469
      ],
      [
        74.423959,
        17.96566
      ],
      [
        74.423975,
        17.965833
      ],
      [
        74.423989,
        17.965984
      ],
      [
        74.42399,
        17.966405
      ],
      [
        74.423992,
        17.966971
      ],
      [
        74.423994,
        17.967488
      ],
      [
        74.424001,
        17.967563
      ],
      [
        74.424055,
        17.968115
      ],
      [
        74.42409,
        17.968467
      ],
      [
        74.424171,
        17.968633
      ],
      [
        74.424354,
        17.969003
      ],
      [
        74.424409,
        17.969063
      ],
      [
        74.424658,
        17.969334
      ],
      [
        74.424793,
        17.969496
      ],
      [
        74.425113,
        17.969879
      ],
      [
        74.425385,
        17.970203
      ],
      [
        74.425689,
        17.970567
      ],
      [
        74.426021,
        17.970964
      ],
      [
        74.427131,
        17.972293
      ],
      [
        74.427145,
        17.972342
      ],
      [
        74.42742,
        17.973341
      ],
      [
        74.427542,
        17.973829
      ],
      [
        74.427719,
        17.974545
      ],
      [
        74.427923,
        17.975362
      ],
      [
        74.428115,
        17.976097
      ],
      [
        74.428387,
        17.977133
      ],
      [
        74.429173,
        17.980135
      ],
      [
        74.429209,
        17.98027
      ],
      [
        74.429272,
        17.980513
      ],
      [
        74.429584,
        17.981702
      ],
      [
        74.430281,
        17.981814
      ],
      [
        74.430731,
        17.981886
      ],
      [
        74.432246,
        17.982327
      ],
      [
        74.432404,
        17.982395
      ],
      [
        74.432484,
        17.982421
      ],
      [
        74.432793,
        17.982562
      ],
      [
        74.434101,
        17.983305
      ],
      [
        74.435088,
        17.984099
      ],
      [
        74.435165,
        17.984161
      ],
      [
        74.435699,
        17.984591
      ],
      [
        74.435817,
        17.984696
      ],
      [
        74.436096,
        17.984954
      ],
      [
        74.436191,
        17.98503
      ],
      [
        74.436568,
        17.985367
      ],
      [
        74.436784,
        17.985741
      ],
      [
        74.436944,
        17.98602
      ],
      [
        74.437013,
        17.986164
      ],
      [
        74.437189,
        17.986531
      ],
      [
        74.43733,
        17.986826
      ],
      [
        74.43773,
        17.987511
      ],
      [
        74.437911,
        17.987818
      ],
      [
        74.438026,
        17.988014
      ],
      [
        74.438106,
        17.988278
      ],
      [
        74.438154,
        17.988436
      ],
      [
        74.43817,
        17.988488
      ],
      [
        74.438249,
        17.988794
      ],
      [
        74.438313,
        17.989122
      ],
      [
        74.438477,
        17.990126
      ],
      [
        74.438508,
        17.990336
      ],
      [
        74.438524,
        17.990666
      ],
      [
        74.438497,
        17.990987
      ],
      [
        74.438399,
        17.991376
      ],
      [
        74.438328,
        17.99156
      ],
      [
        74.438213,
        17.991778
      ],
      [
        74.439132,
        17.991979
      ],
      [
        74.439598,
        17.992104
      ],
      [
        74.439702,
        17.99212
      ],
      [
        74.440493,
        17.992319
      ],
      [
        74.441017,
        17.992451
      ],
      [
        74.441145,
        17.992494
      ],
      [
        74.442614,
        17.992852
      ],
      [
        74.443446,
        17.993061
      ],
      [
        74.445311,
        17.99353
      ],
      [
        74.445771,
        17.99355
      ],
      [
        74.44582,
        17.99353
      ],
      [
        74.446016,
        17.993449
      ],
      [
        74.446187,
        17.993378
      ],
      [
        74.446771,
        17.993137
      ],
      [
        74.451602,
        17.991143
      ],
      [
        74.452278,
        17.990889
      ],
      [
        74.455433,
        17.989704
      ],
      [
        74.457448,
        17.989193
      ],
      [
        74.457825,
        17.98908
      ],
      [
        74.458109,
        17.988971
      ],
      [
        74.458329,
        17.98858
      ],
      [
        74.458368,
        17.988527
      ],
      [
        74.458623,
        17.988032
      ],
      [
        74.458752,
        17.987731
      ],
      [
        74.458995,
        17.98752
      ],
      [
        74.459316,
        17.987492
      ],
      [
        74.460805,
        17.987846
      ],
      [
        74.461464,
        17.987929
      ],
      [
        74.461814,
        17.987909
      ],
      [
        74.464491,
        17.987112
      ],
      [
        74.466526,
        17.98651
      ],
      [
        74.466618,
        17.986478
      ],
      [
        74.466756,
        17.98643
      ],
      [
        74.46686,
        17.986438
      ],
      [
        74.467281,
        17.986238
      ],
      [
        74.46752,
        17.986141
      ],
      [
        74.46774,
        17.986069
      ],
      [
        74.468101,
        17.985942
      ],
      [
        74.468499,
        17.985832
      ],
      [
        74.46934,
        17.985592
      ],
      [
        74.470032,
        17.985393
      ],
      [
        74.470825,
        17.985176
      ],
      [
        74.471213,
        17.98509
      ],
      [
        74.472,
        17.984931
      ],
      [
        74.472425,
        17.984853
      ],
      [
        74.473005,
        17.984737
      ],
      [
        74.473397,
        17.984671
      ],
      [
        74.474056,
        17.984503
      ],
      [
        74.474357,
        17.984429
      ],
      [
        74.47449,
        17.984396
      ],
      [
        74.475066,
        17.98425
      ],
      [
        74.475972,
        17.984005
      ],
      [
        74.476448,
        17.983892
      ],
      [
        74.476805,
        17.983841
      ],
      [
        74.477296,
        17.983794
      ],
      [
        74.477994,
        17.983743
      ],
      [
        74.479276,
        17.983681
      ],
      [
        74.479865,
        17.98365
      ],
      [
        74.480457,
        17.98357
      ],
      [
        74.481144,
        17.983472
      ],
      [
        74.481466,
        17.983448
      ],
      [
        74.481858,
        17.983448
      ],
      [
        74.482281,
        17.983445
      ],
      [
        74.483292,
        17.983425
      ],
      [
        74.483893,
        17.983414
      ],
      [
        74.484385,
        17.983405
      ],
      [
        74.486731,
        17.983291
      ],
      [
        74.488043,
        17.983218
      ],
      [
        74.48838,
        17.983134
      ],
      [
        74.490156,
        17.983087
      ],
      [
        74.492092,
        17.983056
      ],
      [
        74.49616,
        17.982996
      ],
      [
        74.497442,
        17.982968
      ],
      [
        74.497578,
        17.982966
      ],
      [
        74.499587,
        17.982932
      ],
      [
        74.500193,
        17.982922
      ],
      [
        74.500649,
        17.982917
      ],
      [
        74.501135,
        17.982931
      ],
      [
        74.502155,
        17.982961
      ],
      [
        74.502349,
        17.982966
      ],
      [
        74.503065,
        17.982984
      ],
      [
        74.503673,
        17.983008
      ],
      [
        74.504208,
        17.983025
      ],
      [
        74.504763,
        17.983001
      ],
      [
        74.50591,
        17.982924
      ],
      [
        74.507046,
        17.982843
      ],
      [
        74.507169,
        17.982834
      ],
      [
        74.508734,
        17.982722
      ],
      [
        74.510969,
        17.982576
      ],
      [
        74.511452,
        17.982545
      ],
      [
        74.51305,
        17.982441
      ],
      [
        74.51405,
        17.982379
      ],
      [
        74.514957,
        17.982323
      ],
      [
        74.51644,
        17.982232
      ],
      [
        74.517084,
        17.982191
      ],
      [
        74.51814,
        17.982099
      ],
      [
        74.52006,
        17.981882
      ],
      [
        74.523621,
        17.981486
      ],
      [
        74.525778,
        17.981235
      ],
      [
        74.527146,
        17.981092
      ],
      [
        74.530436,
        17.980737
      ],
      [
        74.53142,
        17.980659
      ],
      [
        74.531863,
        17.980626
      ],
      [
        74.532068,
        17.980602
      ],
      [
        74.532496,
        17.980484
      ],
      [
        74.5332,
        17.980222
      ],
      [
        74.533965,
        17.979885
      ],
      [
        74.53525,
        17.979242
      ],
      [
        74.537281,
        17.978205
      ],
      [
        74.537631,
        17.977966
      ],
      [
        74.539762,
        17.976886
      ],
      [
        74.541028,
        17.97623
      ],
      [
        74.542728,
        17.975475
      ],
      [
        74.544395,
        17.974707
      ],
      [
        74.545843,
        17.974057
      ],
      [
        74.548502,
        17.972892
      ],
      [
        74.550999,
        17.971764
      ],
      [
        74.551321,
        17.971569
      ],
      [
        74.551728,
        17.971271
      ],
      [
        74.552428,
        17.970649
      ],
      [
        74.55337,
        17.969842
      ],
      [
        74.553572,
        17.969668
      ],
      [
        74.555803,
        17.967882
      ],
      [
        74.557372,
        17.966555
      ],
      [
        74.559421,
        17.964788
      ],
      [
        74.560115,
        17.964145
      ],
      [
        74.560753,
        17.963561
      ],
      [
        74.561127,
        17.96326
      ],
      [
        74.561392,
        17.963086
      ],
      [
        74.562074,
        17.962739
      ],
      [
        74.562989,
        17.962343
      ],
      [
        74.564668,
        17.961651
      ],
      [
        74.565075,
        17.961442
      ],
      [
        74.566412,
        17.961055
      ],
      [
        74.566943,
        17.960898
      ],
      [
        74.567241,
        17.96081
      ],
      [
        74.569098,
        17.960258
      ],
      [
        74.569695,
        17.960087
      ],
      [
        74.571242,
        17.959641
      ],
      [
        74.574059,
        17.958786
      ],
      [
        74.57847,
        17.957466
      ],
      [
        74.581872,
        17.95644
      ],
      [
        74.582741,
        17.956246
      ],
      [
        74.582937,
        17.956187
      ],
      [
        74.585061,
        17.95555
      ],
      [
        74.585424,
        17.955442
      ],
      [
        74.586619,
        17.95509
      ],
      [
        74.587189,
        17.95495
      ],
      [
        74.587746,
        17.954931
      ],
      [
        74.588266,
        17.954923
      ],
      [
        74.588961,
        17.954916
      ],
      [
        74.589544,
        17.954909
      ],
      [
        74.591372,
        17.954888
      ],
      [
        74.592539,
        17.954842
      ],
      [
        74.599136,
        17.954785
      ],
      [
        74.599925,
        17.954784
      ],
      [
        74.601311,
        17.954781
      ],
      [
        74.60238,
        17.954792
      ],
      [
        74.602748,
        17.954778
      ],
      [
        74.603264,
        17.954741
      ],
      [
        74.603972,
        17.95467
      ],
      [
        74.604719,
        17.954552
      ],
      [
        74.605902,
        17.954377
      ],
      [
        74.606782,
        17.954235
      ],
      [
        74.607333,
        17.954151
      ],
      [
        74.607961,
        17.954059
      ],
      [
        74.611484,
        17.953538
      ],
      [
        74.612142,
        17.953529
      ],
      [
        74.6128,
        17.953435
      ],
      [
        74.613408,
        17.953271
      ],
      [
        74.616462,
        17.952836
      ],
      [
        74.617428,
        17.952691
      ],
      [
        74.62247,
        17.951937
      ],
      [
        74.623509,
        17.95179
      ],
      [
        74.625212,
        17.951569
      ],
      [
        74.626444,
        17.951449
      ],
      [
        74.627009,
        17.95138
      ],
      [
        74.627663,
        17.951268
      ],
      [
        74.628879,
        17.951067
      ],
      [
        74.62896,
        17.951054
      ],
      [
        74.628907,
        17.950939
      ],
      [
        74.626973,
        17.951263
      ],
      [
        74.62656,
        17.951305
      ],
      [
        74.626474,
        17.951314
      ],
      [
        74.625367,
        17.951427
      ],
      [
        74.624809,
        17.951483
      ],
      [
        74.622385,
        17.951807
      ],
      [
        74.619728,
        17.952201
      ],
      [
        74.617428,
        17.952532
      ],
      [
        74.616486,
        17.95268
      ],
      [
        74.613555,
        17.953104
      ],
      [
        74.611354,
        17.953428
      ],
      [
        74.608852,
        17.953807
      ],
      [
        74.607164,
        17.954076
      ],
      [
        74.606799,
        17.954134
      ],
      [
        74.605875,
        17.954282
      ],
      [
        74.6044,
        17.954504
      ],
      [
        74.603853,
        17.954578
      ],
      [
        74.603369,
        17.954621
      ],
      [
        74.602966,
        17.954652
      ],
      [
        74.602648,
        17.954674
      ],
      [
        74.602284,
        17.954682
      ],
      [
        74.601938,
        17.95468
      ],
      [
        74.601368,
        17.954682
      ],
      [
        74.600513,
        17.954689
      ],
      [
        74.599946,
        17.954691
      ],
      [
        74.598761,
        17.954684
      ],
      [
        74.595483,
        17.954672
      ],
      [
        74.593063,
        17.954683
      ],
      [
        74.591967,
        17.954682
      ],
      [
        74.591179,
        17.954776
      ],
      [
        74.5889,
        17.954801
      ],
      [
        74.588291,
        17.954732
      ],
      [
        74.587726,
        17.954729
      ],
      [
        74.587351,
        17.954722
      ],
      [
        74.586821,
        17.954811
      ],
      [
        74.586516,
        17.954874
      ],
      [
        74.586359,
        17.954906
      ],
      [
        74.585211,
        17.95519
      ],
      [
        74.584191,
        17.955505
      ],
      [
        74.582568,
        17.956013
      ],
      [
        74.581869,
        17.956297
      ],
      [
        74.580638,
        17.956653
      ],
      [
        74.578985,
        17.957151
      ],
      [
        74.577088,
        17.957728
      ],
      [
        74.575013,
        17.958348
      ],
      [
        74.573615,
        17.958764
      ],
      [
        74.571464,
        17.959421
      ],
      [
        74.569889,
        17.959919
      ],
      [
        74.569488,
        17.959938
      ],
      [
        74.567955,
        17.960386
      ],
      [
        74.567022,
        17.960659
      ],
      [
        74.567125,
        17.960948
      ],
      [
        74.567251,
        17.960911
      ],
      [
        74.569534,
        17.960225
      ],
      [
        74.569695,
        17.960087
      ],
      [
        74.571242,
        17.959641
      ],
      [
        74.574059,
        17.958786
      ],
      [
        74.57847,
        17.957466
      ],
      [
        74.581872,
        17.95644
      ],
      [
        74.582741,
        17.956246
      ],
      [
        74.582937,
        17.956187
      ],
      [
        74.585061,
        17.95555
      ],
      [
        74.585424,
        17.955442
      ],
      [
        74.586619,
        17.95509
      ],
      [
        74.587189,
        17.95495
      ],
      [
        74.587746,
        17.954931
      ],
      [
        74.588266,
        17.954923
      ],
      [
        74.588961,
        17.954916
      ],
      [
        74.589544,
        17.954909
      ],
      [
        74.591372,
        17.954888
      ],
      [
        74.592539,
        17.954842
      ],
      [
        74.599136,
        17.954785
      ],
      [
        74.599925,
        17.954784
      ],
      [
        74.601311,
        17.954781
      ],
      [
        74.60238,
        17.954792
      ],
      [
        74.602748,
        17.954778
      ],
      [
        74.603264,
        17.954741
      ],
      [
        74.603972,
        17.95467
      ],
      [
        74.604719,
        17.954552
      ],
      [
        74.605902,
        17.954377
      ],
      [
        74.606782,
        17.954235
      ],
      [
        74.607333,
        17.954151
      ],
      [
        74.607961,
        17.954059
      ],
      [
        74.611484,
        17.953538
      ],
      [
        74.612142,
        17.953529
      ],
      [
        74.6128,
        17.953435
      ],
      [
        74.613408,
        17.953271
      ],
      [
        74.616462,
        17.952836
      ],
      [
        74.617428,
        17.952691
      ],
      [
        74.62247,
        17.951937
      ],
      [
        74.623509,
        17.95179
      ],
      [
        74.625212,
        17.951569
      ],
      [
        74.626444,
        17.951449
      ],
      [
        74.627009,
        17.95138
      ],
      [
        74.627663,
        17.951268
      ],
      [
        74.628879,
        17.951067
      ],
      [
        74.62896,
        17.951054
      ],
      [
        74.630761,
        17.950785
      ],
      [
        74.632335,
        17.950553
      ],
      [
        74.632728,
        17.95049
      ],
      [
        74.633496,
        17.950366
      ],
      [
        74.634288,
        17.950245
      ],
      [
        74.634844,
        17.950155
      ],
      [
        74.635394,
        17.950062
      ],
      [
        74.63588,
        17.94997
      ],
      [
        74.63623,
        17.949895
      ],
      [
        74.636409,
        17.949877
      ],
      [
        74.636842,
        17.949835
      ],
      [
        74.638105,
        17.949521
      ],
      [
        74.639234,
        17.949216
      ],
      [
        74.640136,
        17.948972
      ],
      [
        74.641776,
        17.94851
      ],
      [
        74.64299,
        17.948128
      ],
      [
        74.643151,
        17.948077
      ],
      [
        74.644358,
        17.947692
      ],
      [
        74.644903,
        17.947484
      ],
      [
        74.645355,
        17.947347
      ],
      [
        74.64539,
        17.947336
      ],
      [
        74.645675,
        17.947262
      ],
      [
        74.648169,
        17.946654
      ],
      [
        74.648864,
        17.946492
      ],
      [
        74.649344,
        17.946395
      ],
      [
        74.649982,
        17.946275
      ],
      [
        74.651312,
        17.946086
      ],
      [
        74.652194,
        17.945943
      ],
      [
        74.652665,
        17.945827
      ],
      [
        74.654511,
        17.945406
      ],
      [
        74.656194,
        17.945007
      ],
      [
        74.657096,
        17.944795
      ],
      [
        74.658288,
        17.944563
      ],
      [
        74.659658,
        17.944355
      ],
      [
        74.661229,
        17.944134
      ],
      [
        74.66145,
        17.9441
      ],
      [
        74.662182,
        17.943958
      ],
      [
        74.662286,
        17.94394
      ],
      [
        74.662634,
        17.94382
      ],
      [
        74.662996,
        17.94367
      ],
      [
        74.663267,
        17.943522
      ],
      [
        74.663573,
        17.94332
      ],
      [
        74.664217,
        17.942848
      ],
      [
        74.664649,
        17.942493
      ],
      [
        74.665054,
        17.942202
      ],
      [
        74.665475,
        17.941916
      ],
      [
        74.665797,
        17.941733
      ],
      [
        74.66618,
        17.941526
      ],
      [
        74.666556,
        17.941353
      ],
      [
        74.666833,
        17.941249
      ],
      [
        74.667182,
        17.941128
      ],
      [
        74.667288,
        17.941092
      ],
      [
        74.669332,
        17.940398
      ],
      [
        74.670422,
        17.940035
      ],
      [
        74.670796,
        17.93991
      ],
      [
        74.671344,
        17.939747
      ],
      [
        74.671743,
        17.939665
      ],
      [
        74.672072,
        17.939623
      ],
      [
        74.672694,
        17.939604
      ],
      [
        74.673881,
        17.939601
      ],
      [
        74.674509,
        17.939604
      ],
      [
        74.675043,
        17.93961
      ],
      [
        74.675739,
        17.939622
      ],
      [
        74.676109,
        17.939613
      ],
      [
        74.67642,
        17.939592
      ],
      [
        74.676746,
        17.939551
      ],
      [
        74.677008,
        17.939507
      ],
      [
        74.677282,
        17.939449
      ],
      [
        74.677609,
        17.939366
      ],
      [
        74.677874,
        17.93929
      ],
      [
        74.678145,
        17.939196
      ],
      [
        74.678576,
        17.939021
      ],
      [
        74.679045,
        17.938795
      ],
      [
        74.679303,
        17.93865
      ],
      [
        74.679555,
        17.938491
      ],
      [
        74.679772,
        17.938338
      ],
      [
        74.680154,
        17.938047
      ],
      [
        74.68051,
        17.937744
      ],
      [
        74.680951,
        17.937268
      ],
      [
        74.681754,
        17.936362
      ],
      [
        74.682632,
        17.93538
      ],
      [
        74.683131,
        17.934736
      ],
      [
        74.683374,
        17.934376
      ],
      [
        74.683607,
        17.933888
      ],
      [
        74.683917,
        17.933232
      ],
      [
        74.684178,
        17.932719
      ],
      [
        74.684402,
        17.93235
      ],
      [
        74.684457,
        17.93227
      ],
      [
        74.684574,
        17.932101
      ],
      [
        74.684817,
        17.931843
      ],
      [
        74.685168,
        17.931559
      ],
      [
        74.685577,
        17.93129
      ],
      [
        74.68595,
        17.931059
      ],
      [
        74.685985,
        17.931037
      ],
      [
        74.686191,
        17.930902
      ],
      [
        74.686255,
        17.930851
      ],
      [
        74.686451,
        17.930695
      ],
      [
        74.686741,
        17.930443
      ],
      [
        74.68702,
        17.930157
      ],
      [
        74.688259,
        17.92881
      ],
      [
        74.688777,
        17.928229
      ],
      [
        74.689306,
        17.927675
      ],
      [
        74.690483,
        17.926406
      ],
      [
        74.691192,
        17.925658
      ],
      [
        74.691862,
        17.924946
      ],
      [
        74.692165,
        17.924608
      ],
      [
        74.692572,
        17.924199
      ],
      [
        74.692982,
        17.923808
      ],
      [
        74.693632,
        17.923213
      ],
      [
        74.694664,
        17.922284
      ],
      [
        74.695247,
        17.921751
      ],
      [
        74.695906,
        17.921111
      ],
      [
        74.696569,
        17.920462
      ],
      [
        74.696844,
        17.920192
      ],
      [
        74.697124,
        17.91996
      ],
      [
        74.69736,
        17.919805
      ],
      [
        74.697636,
        17.919655
      ],
      [
        74.698267,
        17.919375
      ],
      [
        74.698307,
        17.919357
      ],
      [
        74.698475,
        17.919287
      ],
      [
        74.698962,
        17.919086
      ],
      [
        74.699478,
        17.918869
      ],
      [
        74.699791,
        17.918726
      ],
      [
        74.700174,
        17.918529
      ],
      [
        74.700685,
        17.918251
      ],
      [
        74.701148,
        17.917955
      ],
      [
        74.701585,
        17.917662
      ],
      [
        74.701973,
        17.917354
      ],
      [
        74.702432,
        17.916961
      ],
      [
        74.702805,
        17.916618
      ],
      [
        74.703067,
        17.916339
      ],
      [
        74.703455,
        17.915895
      ],
      [
        74.703842,
        17.915384
      ],
      [
        74.704582,
        17.914445
      ],
      [
        74.705351,
        17.913486
      ],
      [
        74.705792,
        17.912941
      ],
      [
        74.706215,
        17.912411
      ],
      [
        74.706663,
        17.911914
      ],
      [
        74.706771,
        17.911815
      ],
      [
        74.707176,
        17.911443
      ],
      [
        74.707449,
        17.911274
      ],
      [
        74.707718,
        17.911156
      ],
      [
        74.707983,
        17.911068
      ],
      [
        74.708358,
        17.911004
      ],
      [
        74.708864,
        17.91099
      ],
      [
        74.709901,
        17.911014
      ],
      [
        74.710815,
        17.910987
      ],
      [
        74.711469,
        17.91096
      ],
      [
        74.712074,
        17.910903
      ],
      [
        74.71245,
        17.910839
      ],
      [
        74.712743,
        17.910768
      ],
      [
        74.71314,
        17.91064
      ],
      [
        74.714014,
        17.910323
      ],
      [
        74.715023,
        17.909956
      ],
      [
        74.715709,
        17.909741
      ],
      [
        74.716444,
        17.909557
      ],
      [
        74.717366,
        17.909354
      ],
      [
        74.718512,
        17.909145
      ],
      [
        74.718963,
        17.909059
      ],
      [
        74.7193,
        17.909067
      ],
      [
        74.719764,
        17.908952
      ],
      [
        74.720508,
        17.908751
      ],
      [
        74.720881,
        17.908656
      ],
      [
        74.721191,
        17.908576
      ],
      [
        74.72166,
        17.908457
      ],
      [
        74.722581,
        17.908301
      ],
      [
        74.723758,
        17.908139
      ],
      [
        74.724613,
        17.90803
      ],
      [
        74.724805,
        17.907985
      ],
      [
        74.725034,
        17.907912
      ],
      [
        74.726007,
        17.907493
      ],
      [
        74.726593,
        17.90729
      ],
      [
        74.726826,
        17.907215
      ],
      [
        74.727104,
        17.907149
      ],
      [
        74.727297,
        17.907114
      ],
      [
        74.727731,
        17.90707
      ],
      [
        74.728132,
        17.907071
      ],
      [
        74.728661,
        17.907085
      ],
      [
        74.729106,
        17.907154
      ],
      [
        74.730379,
        17.907398
      ],
      [
        74.730656,
        17.907456
      ],
      [
        74.730703,
        17.907464
      ],
      [
        74.730869,
        17.907478
      ],
      [
        74.731072,
        17.907482
      ],
      [
        74.731245,
        17.907459
      ],
      [
        74.731439,
        17.907424
      ],
      [
        74.734552,
        17.906734
      ],
      [
        74.735247,
        17.90658
      ],
      [
        74.735654,
        17.906477
      ],
      [
        74.736073,
        17.906393
      ],
      [
        74.736341,
        17.906338
      ],
      [
        74.736786,
        17.906298
      ],
      [
        74.737763,
        17.906206
      ],
      [
        74.739326,
        17.906008
      ],
      [
        74.740064,
        17.905917
      ],
      [
        74.740609,
        17.905834
      ],
      [
        74.741809,
        17.905591
      ],
      [
        74.742104,
        17.905518
      ],
      [
        74.742867,
        17.905305
      ],
      [
        74.743731,
        17.905023
      ],
      [
        74.743935,
        17.904957
      ],
      [
        74.74404,
        17.904973
      ],
      [
        74.74547,
        17.904495
      ],
      [
        74.74689,
        17.904021
      ],
      [
        74.747679,
        17.903756
      ],
      [
        74.748315,
        17.903513
      ],
      [
        74.74846,
        17.903449
      ],
      [
        74.748844,
        17.90328
      ],
      [
        74.749512,
        17.902986
      ],
      [
        74.750325,
        17.902629
      ],
      [
        74.750989,
        17.902336
      ],
      [
        74.751271,
        17.902212
      ],
      [
        74.751329,
        17.902186
      ],
      [
        74.752072,
        17.901864
      ],
      [
        74.752048,
        17.901811
      ],
      [
        74.752029,
        17.901594
      ],
      [
        74.752127,
        17.900408
      ],
      [
        74.752029,
        17.901594
      ],
      [
        74.752048,
        17.901811
      ],
      [
        74.752072,
        17.901864
      ],
      [
        74.752494,
        17.901684
      ],
      [
        74.752522,
        17.901671
      ],
      [
        74.753158,
        17.901408
      ],
      [
        74.753176,
        17.901401
      ],
      [
        74.753594,
        17.901225
      ],
      [
        74.755151,
        17.90057
      ],
      [
        74.755535,
        17.90041
      ],
      [
        74.755613,
        17.900377
      ],
      [
        74.757555,
        17.89955
      ],
      [
        74.757581,
        17.899539
      ],
      [
        74.758524,
        17.899191
      ],
      [
        74.758978,
        17.899043
      ],
      [
        74.759199,
        17.898985
      ],
      [
        74.759403,
        17.898931
      ],
      [
        74.75964,
        17.898903
      ],
      [
        74.759783,
        17.898886
      ],
      [
        74.760296,
        17.89885
      ],
      [
        74.760438,
        17.898846
      ],
      [
        74.760723,
        17.898837
      ],
      [
        74.761164,
        17.898827
      ],
      [
        74.761318,
        17.898824
      ],
      [
        74.761451,
        17.898764
      ],
      [
        74.761667,
        17.898759
      ],
      [
        74.761685,
        17.898759
      ],
      [
        74.761882,
        17.898755
      ],
      [
        74.762226,
        17.898752
      ],
      [
        74.762619,
        17.898723
      ],
      [
        74.762765,
        17.898689
      ],
      [
        74.762965,
        17.898612
      ],
      [
        74.764166,
        17.897987
      ],
      [
        74.764915,
        17.897514
      ],
      [
        74.765246,
        17.89729
      ],
      [
        74.765839,
        17.896958
      ],
      [
        74.766142,
        17.896812
      ],
      [
        74.76622,
        17.896778
      ],
      [
        74.76722,
        17.896346
      ],
      [
        74.768196,
        17.895969
      ],
      [
        74.769073,
        17.895735
      ],
      [
        74.7706,
        17.895339
      ],
      [
        74.771872,
        17.894974
      ],
      [
        74.77268,
        17.894719
      ],
      [
        74.772812,
        17.894661
      ],
      [
        74.772952,
        17.894582
      ],
      [
        74.77312,
        17.894447
      ],
      [
        74.773266,
        17.894292
      ],
      [
        74.773405,
        17.894093
      ],
      [
        74.773488,
        17.893933
      ],
      [
        74.773561,
        17.893739
      ],
      [
        74.773641,
        17.893376
      ],
      [
        74.774105,
        17.890974
      ],
      [
        74.774278,
        17.890192
      ],
      [
        74.774411,
        17.889878
      ],
      [
        74.774597,
        17.889563
      ],
      [
        74.774785,
        17.889358
      ],
      [
        74.775052,
        17.889144
      ],
      [
        74.775312,
        17.888969
      ],
      [
        74.775582,
        17.888828
      ],
      [
        74.776264,
        17.888506
      ],
      [
        74.77695,
        17.888164
      ],
      [
        74.777662,
        17.887827
      ],
      [
        74.778391,
        17.887461
      ],
      [
        74.778909,
        17.887221
      ],
      [
        74.779824,
        17.886829
      ],
      [
        74.78006,
        17.886723
      ],
      [
        74.780614,
        17.886521
      ],
      [
        74.780941,
        17.886325
      ],
      [
        74.781315,
        17.886207
      ],
      [
        74.781791,
        17.886011
      ],
      [
        74.782791,
        17.885598
      ],
      [
        74.783398,
        17.88538
      ],
      [
        74.783754,
        17.885284
      ],
      [
        74.784163,
        17.885206
      ],
      [
        74.784528,
        17.885154
      ],
      [
        74.784992,
        17.885121
      ],
      [
        74.785702,
        17.885088
      ],
      [
        74.786544,
        17.885088
      ],
      [
        74.786789,
        17.885088
      ],
      [
        74.78761,
        17.885118
      ],
      [
        74.788555,
        17.88516
      ],
      [
        74.789504,
        17.885225
      ],
      [
        74.790117,
        17.88527
      ],
      [
        74.790903,
        17.885282
      ],
      [
        74.791727,
        17.885282
      ],
      [
        74.793009,
        17.885283
      ],
      [
        74.793784,
        17.885291
      ],
      [
        74.794485,
        17.885281
      ],
      [
        74.794936,
        17.885268
      ],
      [
        74.795205,
        17.885261
      ],
      [
        74.800993,
        17.884598
      ],
      [
        74.8015,
        17.884508
      ],
      [
        74.801965,
        17.884396
      ],
      [
        74.802463,
        17.884229
      ],
      [
        74.803976,
        17.88354
      ],
      [
        74.804367,
        17.883362
      ],
      [
        74.806602,
        17.882321
      ],
      [
        74.807235,
        17.882064
      ],
      [
        74.808178,
        17.881729
      ],
      [
        74.809619,
        17.881248
      ],
      [
        74.81019,
        17.881027
      ],
      [
        74.810714,
        17.880798
      ],
      [
        74.81102,
        17.880633
      ],
      [
        74.811312,
        17.880455
      ],
      [
        74.811757,
        17.880139
      ],
      [
        74.812578,
        17.879554
      ],
      [
        74.812864,
        17.87935
      ],
      [
        74.813274,
        17.879146
      ],
      [
        74.813692,
        17.878959
      ],
      [
        74.81491,
        17.8785
      ],
      [
        74.816181,
        17.878041
      ],
      [
        74.816613,
        17.877901
      ],
      [
        74.817572,
        17.877632
      ],
      [
        74.820321,
        17.876986
      ],
      [
        74.821547,
        17.87668
      ],
      [
        74.82182,
        17.876612
      ],
      [
        74.823536,
        17.876197
      ],
      [
        74.823872,
        17.876116
      ],
      [
        74.826198,
        17.875553
      ],
      [
        74.826896,
        17.875399
      ],
      [
        74.827901,
        17.875198
      ],
      [
        74.828155,
        17.875153
      ],
      [
        74.830281,
        17.874773
      ],
      [
        74.830779,
        17.874684
      ],
      [
        74.832148,
        17.87444
      ],
      [
        74.832175,
        17.874435
      ],
      [
        74.832949,
        17.874255
      ],
      [
        74.833647,
        17.87404
      ],
      [
        74.834524,
        17.873693
      ],
      [
        74.836683,
        17.872987
      ],
      [
        74.83708,
        17.872884
      ],
      [
        74.840352,
        17.87207
      ],
      [
        74.84336,
        17.871248
      ],
      [
        74.844735,
        17.87088
      ],
      [
        74.846756,
        17.870345
      ],
      [
        74.852232,
        17.868871
      ],
      [
        74.854593,
        17.868195
      ],
      [
        74.855837,
        17.867911
      ],
      [
        74.856701,
        17.867725
      ],
      [
        74.857377,
        17.867576
      ],
      [
        74.857593,
        17.86753
      ],
      [
        74.858583,
        17.867306
      ],
      [
        74.863116,
        17.865555
      ],
      [
        74.863408,
        17.865445
      ],
      [
        74.864071,
        17.865299
      ],
      [
        74.866454,
        17.865101
      ],
      [
        74.866567,
        17.865093
      ],
      [
        74.868128,
        17.864984
      ],
      [
        74.86977,
        17.864806
      ],
      [
        74.871735,
        17.864547
      ],
      [
        74.876313,
        17.863883
      ],
      [
        74.878084,
        17.863631
      ],
      [
        74.878174,
        17.863619
      ],
      [
        74.879687,
        17.863413
      ],
      [
        74.880942,
        17.863236
      ],
      [
        74.885041,
        17.862497
      ],
      [
        74.886681,
        17.862239
      ],
      [
        74.887762,
        17.862062
      ],
      [
        74.888056,
        17.862017
      ],
      [
        74.889698,
        17.86173
      ],
      [
        74.890687,
        17.861412
      ],
      [
        74.891737,
        17.860931
      ],
      [
        74.89251,
        17.860387
      ],
      [
        74.89298,
        17.860038
      ],
      [
        74.893502,
        17.859491
      ],
      [
        74.898099,
        17.852513
      ],
      [
        74.898699,
        17.852008
      ],
      [
        74.899236,
        17.85155
      ],
      [
        74.899663,
        17.851221
      ],
      [
        74.900456,
        17.850782
      ],
      [
        74.901197,
        17.850479
      ],
      [
        74.907087,
        17.849049
      ],
      [
        74.909321,
        17.848507
      ],
      [
        74.911098,
        17.848076
      ],
      [
        74.914275,
        17.847229
      ],
      [
        74.915157,
        17.847066
      ],
      [
        74.915836,
        17.846964
      ],
      [
        74.916741,
        17.846873
      ],
      [
        74.916962,
        17.846854
      ],
      [
        74.920181,
        17.846581
      ],
      [
        74.923219,
        17.846363
      ],
      [
        74.924374,
        17.84631
      ],
      [
        74.924905,
        17.846286
      ],
      [
        74.927246,
        17.846284
      ],
      [
        74.930811,
        17.846392
      ],
      [
        74.931428,
        17.84644
      ],
      [
        74.936764,
        17.846858
      ],
      [
        74.937191,
        17.846872
      ],
      [
        74.937571,
        17.846859
      ],
      [
        74.937927,
        17.846813
      ],
      [
        74.938109,
        17.846782
      ],
      [
        74.938471,
        17.84669
      ],
      [
        74.938869,
        17.846524
      ],
      [
        74.94003,
        17.845898
      ],
      [
        74.94016,
        17.845835
      ],
      [
        74.940271,
        17.845758
      ],
      [
        74.940313,
        17.845728
      ],
      [
        74.940401,
        17.84567
      ],
      [
        74.940453,
        17.845644
      ],
      [
        74.940787,
        17.845437
      ],
      [
        74.941078,
        17.845264
      ],
      [
        74.941431,
        17.84502
      ],
      [
        74.941722,
        17.844819
      ],
      [
        74.942008,
        17.844608
      ],
      [
        74.94276,
        17.844007
      ],
      [
        74.943467,
        17.843367
      ],
      [
        74.944801,
        17.842086
      ],
      [
        74.945642,
        17.841213
      ],
      [
        74.946818,
        17.840077
      ],
      [
        74.947621,
        17.839307
      ],
      [
        74.948331,
        17.838646
      ],
      [
        74.948796,
        17.838155
      ],
      [
        74.949565,
        17.837415
      ],
      [
        74.950182,
        17.83685
      ],
      [
        74.950433,
        17.836652
      ],
      [
        74.950689,
        17.836529
      ],
      [
        74.950938,
        17.836369
      ],
      [
        74.951643,
        17.835964
      ],
      [
        74.952984,
        17.835244
      ],
      [
        74.954575,
        17.834407
      ],
      [
        74.95509,
        17.834129
      ],
      [
        74.954762,
        17.833978
      ],
      [
        74.954189,
        17.833682
      ],
      [
        74.953664,
        17.833385
      ],
      [
        74.952569,
        17.832993
      ],
      [
        74.951898,
        17.832722
      ],
      [
        74.951552,
        17.83244
      ],
      [
        74.951126,
        17.832031
      ],
      [
        74.950663,
        17.831588
      ],
      [
        74.950618,
        17.831545
      ],
      [
        74.949545,
        17.830753
      ],
      [
        74.948813,
        17.830303
      ],
      [
        74.948538,
        17.830156
      ],
      [
        74.948386,
        17.830015
      ],
      [
        74.948265,
        17.829767
      ],
      [
        74.948225,
        17.829329
      ],
      [
        74.948226,
        17.829217
      ],
      [
        74.948228,
        17.828834
      ],
      [
        74.948208,
        17.828759
      ],
      [
        74.948151,
        17.828549
      ],
      [
        74.947632,
        17.827907
      ],
      [
        74.947199,
        17.827442
      ],
      [
        74.946296,
        17.826857
      ],
      [
        74.945636,
        17.826407
      ],
      [
        74.945408,
        17.826266
      ],
      [
        74.94526,
        17.826174
      ],
      [
        74.945033,
        17.82593
      ],
      [
        74.944522,
        17.825256
      ],
      [
        74.944368,
        17.825076
      ],
      [
        74.944336,
        17.825039
      ],
      [
        74.944231,
        17.824893
      ],
      [
        74.944189,
        17.824832
      ],
      [
        74.944073,
        17.824662
      ],
      [
        74.944005,
        17.824621
      ],
      [
        74.943882,
        17.824588
      ],
      [
        74.943622,
        17.824585
      ],
      [
        74.943294,
        17.824629
      ],
      [
        74.942973,
        17.824647
      ],
      [
        74.942803,
        17.824158
      ],
      [
        74.942676,
        17.823679
      ],
      [
        74.942704,
        17.823149
      ],
      [
        74.942605,
        17.822284
      ],
      [
        74.942617,
        17.821757
      ],
      [
        74.942719,
        17.820985
      ],
      [
        74.942713,
        17.820382
      ],
      [
        74.942781,
        17.819587
      ],
      [
        74.942831,
        17.818807
      ],
      [
        74.942858,
        17.818113
      ],
      [
        74.943025,
        17.817418
      ],
      [
        74.943084,
        17.816835
      ],
      [
        74.943127,
        17.815823
      ],
      [
        74.943087,
        17.814813
      ],
      [
        74.943115,
        17.813789
      ],
      [
        74.94313,
        17.812888
      ],
      [
        74.94316,
        17.812707
      ],
      [
        74.943101,
        17.812684
      ],
      [
        74.942994,
        17.812626
      ],
      [
        74.94272,
        17.812434
      ],
      [
        74.942361,
        17.812176
      ],
      [
        74.942046,
        17.811952
      ],
      [
        74.941756,
        17.811742
      ],
      [
        74.941235,
        17.811358
      ],
      [
        74.941099,
        17.811268
      ],
      [
        74.940928,
        17.811182
      ],
      [
        74.9408,
        17.811107
      ],
      [
        74.940581,
        17.810963
      ],
      [
        74.940232,
        17.81076
      ],
      [
        74.94006,
        17.81066
      ],
      [
        74.939898,
        17.810556
      ],
      [
        74.939574,
        17.810347
      ],
      [
        74.939441,
        17.810263
      ],
      [
        74.939285,
        17.810182
      ],
      [
        74.938993,
        17.810054
      ],
      [
        74.938084,
        17.8097
      ],
      [
        74.937456,
        17.809447
      ],
      [
        74.937022,
        17.80927
      ],
      [
        74.936895,
        17.809231
      ],
      [
        74.936785,
        17.809204
      ],
      [
        74.936619,
        17.809193
      ],
      [
        74.936433,
        17.809199
      ],
      [
        74.936376,
        17.809207
      ],
      [
        74.936353,
        17.80921
      ],
      [
        74.936201,
        17.809245
      ],
      [
        74.936042,
        17.809272
      ],
      [
        74.935937,
        17.809282
      ],
      [
        74.935812,
        17.809287
      ],
      [
        74.935435,
        17.809317
      ],
      [
        74.935251,
        17.809329
      ],
      [
        74.935081,
        17.809349
      ],
      [
        74.934918,
        17.80937
      ],
      [
        74.934683,
        17.809392
      ],
      [
        74.934918,
        17.80937
      ],
      [
        74.935081,
        17.809349
      ],
      [
        74.935251,
        17.809329
      ],
      [
        74.935435,
        17.809317
      ],
      [
        74.935812,
        17.809287
      ],
      [
        74.935937,
        17.809282
      ],
      [
        74.936042,
        17.809272
      ],
      [
        74.936201,
        17.809245
      ],
      [
        74.936353,
        17.80921
      ],
      [
        74.936376,
        17.809207
      ],
      [
        74.936433,
        17.809199
      ],
      [
        74.936619,
        17.809193
      ],
      [
        74.936785,
        17.809204
      ],
      [
        74.936895,
        17.809231
      ],
      [
        74.937022,
        17.80927
      ],
      [
        74.937456,
        17.809447
      ],
      [
        74.938084,
        17.8097
      ],
      [
        74.938993,
        17.810054
      ],
      [
        74.939285,
        17.810182
      ],
      [
        74.939441,
        17.810263
      ],
      [
        74.939574,
        17.810347
      ],
      [
        74.939898,
        17.810556
      ],
      [
        74.94006,
        17.81066
      ],
      [
        74.940232,
        17.81076
      ],
      [
        74.940581,
        17.810963
      ],
      [
        74.9408,
        17.811107
      ],
      [
        74.940928,
        17.811182
      ],
      [
        74.941099,
        17.811268
      ],
      [
        74.941235,
        17.811358
      ],
      [
        74.941756,
        17.811742
      ],
      [
        74.942046,
        17.811952
      ],
      [
        74.942361,
        17.812176
      ],
      [
        74.94272,
        17.812434
      ],
      [
        74.942994,
        17.812626
      ],
      [
        74.943101,
        17.812684
      ],
      [
        74.94316,
        17.812707
      ],
      [
        74.94313,
        17.812888
      ],
      [
        74.943115,
        17.813789
      ],
      [
        74.943087,
        17.814813
      ],
      [
        74.943127,
        17.815823
      ],
      [
        74.943084,
        17.816835
      ],
      [
        74.943025,
        17.817418
      ],
      [
        74.942858,
        17.818113
      ],
      [
        74.942831,
        17.818807
      ],
      [
        74.942781,
        17.819587
      ],
      [
        74.942713,
        17.820382
      ],
      [
        74.942719,
        17.820985
      ],
      [
        74.942617,
        17.821757
      ],
      [
        74.942605,
        17.822284
      ],
      [
        74.942704,
        17.823149
      ],
      [
        74.942676,
        17.823679
      ],
      [
        74.942803,
        17.824158
      ],
      [
        74.942973,
        17.824647
      ],
      [
        74.943294,
        17.824629
      ],
      [
        74.943622,
        17.824585
      ],
      [
        74.943882,
        17.824588
      ],
      [
        74.944005,
        17.824621
      ],
      [
        74.944073,
        17.824662
      ],
      [
        74.944189,
        17.824832
      ],
      [
        74.944231,
        17.824893
      ],
      [
        74.944336,
        17.825039
      ],
      [
        74.944368,
        17.825076
      ],
      [
        74.944522,
        17.825256
      ],
      [
        74.945033,
        17.82593
      ],
      [
        74.94526,
        17.826174
      ],
      [
        74.945408,
        17.826266
      ],
      [
        74.945636,
        17.826407
      ],
      [
        74.946296,
        17.826857
      ],
      [
        74.947199,
        17.827442
      ],
      [
        74.947632,
        17.827907
      ],
      [
        74.948151,
        17.828549
      ],
      [
        74.948208,
        17.828759
      ],
      [
        74.948228,
        17.828834
      ],
      [
        74.948226,
        17.829217
      ],
      [
        74.948225,
        17.829329
      ],
      [
        74.948265,
        17.829767
      ],
      [
        74.948386,
        17.830015
      ],
      [
        74.948538,
        17.830156
      ],
      [
        74.948813,
        17.830303
      ],
      [
        74.949545,
        17.830753
      ],
      [
        74.950618,
        17.831545
      ],
      [
        74.950663,
        17.831588
      ],
      [
        74.951126,
        17.832031
      ],
      [
        74.951552,
        17.83244
      ],
      [
        74.951898,
        17.832722
      ],
      [
        74.952569,
        17.832993
      ],
      [
        74.953664,
        17.833385
      ],
      [
        74.954189,
        17.833682
      ],
      [
        74.954762,
        17.833978
      ],
      [
        74.95509,
        17.834129
      ],
      [
        74.956085,
        17.833603
      ],
      [
        74.957061,
        17.833059
      ],
      [
        74.958215,
        17.832362
      ],
      [
        74.959379,
        17.831636
      ],
      [
        74.960723,
        17.830817
      ],
      [
        74.961009,
        17.83058
      ],
      [
        74.964035,
        17.828731
      ],
      [
        74.964462,
        17.828491
      ],
      [
        74.965454,
        17.827863
      ],
      [
        74.965979,
        17.827542
      ],
      [
        74.966704,
        17.827113
      ],
      [
        74.968036,
        17.826378
      ],
      [
        74.968959,
        17.825844
      ],
      [
        74.969889,
        17.825324
      ],
      [
        74.970474,
        17.824965
      ],
      [
        74.970758,
        17.82474
      ],
      [
        74.971157,
        17.824399
      ],
      [
        74.971969,
        17.823656
      ],
      [
        74.97397,
        17.821945
      ],
      [
        74.974382,
        17.821636
      ],
      [
        74.974994,
        17.821187
      ],
      [
        74.975535,
        17.820826
      ],
      [
        74.976007,
        17.820549
      ],
      [
        74.976496,
        17.820371
      ],
      [
        74.978445,
        17.819458
      ],
      [
        74.982179,
        17.817783
      ],
      [
        74.983858,
        17.817184
      ],
      [
        74.984374,
        17.816929
      ],
      [
        74.984715,
        17.816711
      ],
      [
        74.985387,
        17.816225
      ],
      [
        74.98717,
        17.814872
      ],
      [
        74.987784,
        17.814461
      ],
      [
        74.987984,
        17.814301
      ],
      [
        74.988158,
        17.814179
      ],
      [
        74.989968,
        17.812909
      ],
      [
        74.990806,
        17.812447
      ],
      [
        74.991538,
        17.812131
      ],
      [
        74.992373,
        17.811807
      ],
      [
        74.993769,
        17.81128
      ],
      [
        74.994733,
        17.810903
      ],
      [
        74.996478,
        17.810228
      ],
      [
        74.997205,
        17.809968
      ],
      [
        74.998293,
        17.809565
      ],
      [
        74.99857,
        17.809491
      ],
      [
        75.000831,
        17.80901
      ],
      [
        75.003694,
        17.808396
      ],
      [
        75.004102,
        17.808321
      ],
      [
        75.005968,
        17.807915
      ],
      [
        75.007199,
        17.807675
      ],
      [
        75.008399,
        17.807464
      ],
      [
        75.010194,
        17.807176
      ],
      [
        75.012794,
        17.806729
      ],
      [
        75.013824,
        17.806561
      ],
      [
        75.013979,
        17.806536
      ],
      [
        75.01509,
        17.806354
      ],
      [
        75.01608,
        17.806206
      ],
      [
        75.016558,
        17.806149
      ],
      [
        75.016792,
        17.806141
      ],
      [
        75.017026,
        17.806134
      ],
      [
        75.0191,
        17.806189
      ],
      [
        75.021746,
        17.806245
      ],
      [
        75.022273,
        17.806223
      ],
      [
        75.022813,
        17.806136
      ],
      [
        75.023081,
        17.806059
      ],
      [
        75.02338,
        17.805947
      ],
      [
        75.023884,
        17.805722
      ],
      [
        75.024375,
        17.805527
      ],
      [
        75.02495,
        17.805346
      ],
      [
        75.025254,
        17.805287
      ],
      [
        75.025593,
        17.80524
      ],
      [
        75.026468,
        17.805168
      ],
      [
        75.028638,
        17.804978
      ],
      [
        75.029242,
        17.804937
      ],
      [
        75.029685,
        17.804932
      ],
      [
        75.02993,
        17.804938
      ],
      [
        75.03095,
        17.804962
      ],
      [
        75.036556,
        17.805181
      ],
      [
        75.036818,
        17.805182
      ],
      [
        75.037092,
        17.805168
      ],
      [
        75.037353,
        17.805131
      ],
      [
        75.037594,
        17.805091
      ],
      [
        75.037884,
        17.805016
      ],
      [
        75.038169,
        17.80492
      ],
      [
        75.042318,
        17.803152
      ],
      [
        75.043573,
        17.802617
      ],
      [
        75.044102,
        17.802396
      ],
      [
        75.045446,
        17.801852
      ],
      [
        75.04588,
        17.80164
      ],
      [
        75.046029,
        17.801541
      ],
      [
        75.046221,
        17.801425
      ],
      [
        75.046477,
        17.801251
      ],
      [
        75.046738,
        17.801037
      ],
      [
        75.048115,
        17.79965
      ],
      [
        75.048441,
        17.799337
      ],
      [
        75.048811,
        17.798983
      ],
      [
        75.049427,
        17.798517
      ],
      [
        75.050056,
        17.798062
      ],
      [
        75.050705,
        17.797573
      ],
      [
        75.051546,
        17.796977
      ],
      [
        75.051919,
        17.796724
      ],
      [
        75.052297,
        17.79652
      ],
      [
        75.052782,
        17.796305
      ],
      [
        75.053832,
        17.79591
      ],
      [
        75.054417,
        17.79569
      ],
      [
        75.054812,
        17.795484
      ],
      [
        75.055242,
        17.795212
      ],
      [
        75.055659,
        17.794904
      ],
      [
        75.057311,
        17.793514
      ],
      [
        75.057889,
        17.793066
      ],
      [
        75.058028,
        17.792973
      ],
      [
        75.058088,
        17.792925
      ],
      [
        75.058205,
        17.792854
      ],
      [
        75.058281,
        17.792815
      ],
      [
        75.058549,
        17.792679
      ],
      [
        75.059015,
        17.792449
      ],
      [
        75.059274,
        17.792295
      ],
      [
        75.059493,
        17.792139
      ],
      [
        75.059623,
        17.792052
      ],
      [
        75.059797,
        17.791963
      ],
      [
        75.059941,
        17.791891
      ],
      [
        75.060138,
        17.791815
      ],
      [
        75.060344,
        17.791746
      ],
      [
        75.060555,
        17.791691
      ],
      [
        75.061129,
        17.791576
      ],
      [
        75.061802,
        17.791469
      ],
      [
        75.06227,
        17.791391
      ],
      [
        75.062654,
        17.791322
      ],
      [
        75.062854,
        17.791286
      ],
      [
        75.062732,
        17.791189
      ],
      [
        75.06224,
        17.791292
      ],
      [
        75.06176,
        17.791381
      ],
      [
        75.060792,
        17.791567
      ],
      [
        75.060573,
        17.791612
      ],
      [
        75.060368,
        17.791661
      ],
      [
        75.060176,
        17.791708
      ],
      [
        75.059981,
        17.791782
      ],
      [
        75.059749,
        17.791887
      ],
      [
        75.059586,
        17.791969
      ],
      [
        75.059439,
        17.792007
      ],
      [
        75.05924,
        17.792117
      ],
      [
        75.058929,
        17.792295
      ],
      [
        75.058527,
        17.79248
      ],
      [
        75.058164,
        17.792657
      ],
      [
        75.057972,
        17.792797
      ],
      [
        75.057849,
        17.792864
      ],
      [
        75.057623,
        17.792691
      ],
      [
        75.057451,
        17.792369
      ],
      [
        75.057156,
        17.791869
      ],
      [
        75.056893,
        17.791368
      ],
      [
        75.05692,
        17.791118
      ],
      [
        75.057022,
        17.790482
      ],
      [
        75.057217,
        17.790506
      ],
      [
        75.057022,
        17.790482
      ],
      [
        75.05692,
        17.791118
      ],
      [
        75.056614,
        17.790862
      ],
      [
        75.055729,
        17.790699
      ],
      [
        75.055751,
        17.790403
      ],
      [
        75.055799,
        17.78979
      ],
      [
        75.055912,
        17.789376
      ],
      [
        75.055257,
        17.789136
      ],
      [
        75.054674,
        17.788967
      ],
      [
        75.054694,
        17.78885
      ],
      [
        75.054729,
        17.788469
      ],
      [
        75.054798,
        17.788066
      ],
      [
        75.054941,
        17.787489
      ],
      [
        75.055024,
        17.787037
      ],
      [
        75.055059,
        17.786768
      ],
      [
        75.055054,
        17.786632
      ],
      [
        75.055059,
        17.786403
      ],
      [
        75.055043,
        17.785997
      ],
      [
        75.054975,
        17.784965
      ],
      [
        75.054903,
        17.783798
      ],
      [
        75.05484,
        17.782995
      ],
      [
        75.054614,
        17.782334
      ],
      [
        75.054571,
        17.782267
      ],
      [
        75.054046,
        17.781463
      ],
      [
        75.051793,
        17.777601
      ],
      [
        75.051514,
        17.777437
      ],
      [
        75.051256,
        17.777274
      ],
      [
        75.051009,
        17.77696
      ],
      [
        75.050805,
        17.776661
      ],
      [
        75.050748,
        17.776403
      ],
      [
        75.050742,
        17.776365
      ],
      [
        75.050718,
        17.776265
      ],
      [
        75.050634,
        17.775925
      ],
      [
        75.050591,
        17.775517
      ],
      [
        75.050623,
        17.774958
      ],
      [
        75.050773,
        17.774202
      ],
      [
        75.051267,
        17.773282
      ],
      [
        75.051621,
        17.772452
      ],
      [
        75.051728,
        17.772002
      ],
      [
        75.051632,
        17.771545
      ],
      [
        75.05132,
        17.770939
      ],
      [
        75.050805,
        17.77
      ],
      [
        75.050612,
        17.769264
      ],
      [
        75.050269,
        17.76767
      ],
      [
        75.049904,
        17.764482
      ],
      [
        75.049722,
        17.763453
      ],
      [
        75.049089,
        17.761908
      ],
      [
        75.047887,
        17.758045
      ],
      [
        75.04704,
        17.754585
      ],
      [
        75.047029,
        17.754081
      ],
      [
        75.047179,
        17.753509
      ],
      [
        75.047179,
        17.752998
      ],
      [
        75.047115,
        17.75265
      ],
      [
        75.046793,
        17.752058
      ],
      [
        75.046643,
        17.751667
      ],
      [
        75.046214,
        17.750545
      ],
      [
        75.045645,
        17.749128
      ],
      [
        75.04445,
        17.747616
      ],
      [
        75.044053,
        17.747296
      ],
      [
        75.043735,
        17.747023
      ],
      [
        75.043016,
        17.74607
      ],
      [
        75.041589,
        17.744039
      ],
      [
        75.039369,
        17.740388
      ],
      [
        75.038885,
        17.739442
      ],
      [
        75.038403,
        17.738304
      ],
      [
        75.038013,
        17.737035
      ],
      [
        75.037817,
        17.736391
      ],
      [
        75.037655,
        17.735672
      ],
      [
        75.037604,
        17.735437
      ],
      [
        75.037545,
        17.734502
      ],
      [
        75.03763,
        17.733685
      ],
      [
        75.037867,
        17.732602
      ],
      [
        75.03841,
        17.730337
      ],
      [
        75.038621,
        17.729486
      ],
      [
        75.038687,
        17.72927
      ],
      [
        75.038732,
        17.729148
      ],
      [
        75.038789,
        17.729024
      ],
      [
        75.038871,
        17.728887
      ],
      [
        75.038984,
        17.728725
      ],
      [
        75.03927,
        17.728331
      ],
      [
        75.039641,
        17.727845
      ],
      [
        75.03971,
        17.727754
      ],
      [
        75.039772,
        17.727673
      ],
      [
        75.039858,
        17.727556
      ],
      [
        75.039928,
        17.727446
      ],
      [
        75.040159,
        17.727057
      ],
      [
        75.040302,
        17.726788
      ],
      [
        75.040399,
        17.726557
      ],
      [
        75.040471,
        17.72634
      ],
      [
        75.040516,
        17.726154
      ],
      [
        75.040574,
        17.725807
      ],
      [
        75.040616,
        17.725456
      ],
      [
        75.040644,
        17.724134
      ],
      [
        75.040652,
        17.72386
      ],
      [
        75.040666,
        17.723626
      ],
      [
        75.04073,
        17.72307
      ],
      [
        75.040803,
        17.722507
      ],
      [
        75.040851,
        17.722114
      ],
      [
        75.040868,
        17.721912
      ],
      [
        75.04086,
        17.721762
      ],
      [
        75.040847,
        17.721616
      ],
      [
        75.040769,
        17.721364
      ],
      [
        75.040625,
        17.720887
      ],
      [
        75.040593,
        17.720705
      ],
      [
        75.040589,
        17.720554
      ],
      [
        75.040596,
        17.72034
      ],
      [
        75.040608,
        17.720161
      ],
      [
        75.040734,
        17.719004
      ],
      [
        75.040844,
        17.717839
      ],
      [
        75.040887,
        17.717265
      ],
      [
        75.040894,
        17.716999
      ],
      [
        75.040892,
        17.716759
      ],
      [
        75.040864,
        17.715672
      ],
      [
        75.040861,
        17.71532
      ],
      [
        75.040853,
        17.715026
      ],
      [
        75.040804,
        17.714562
      ],
      [
        75.040549,
        17.712652
      ],
      [
        75.040386,
        17.711225
      ],
      [
        75.040378,
        17.710992
      ],
      [
        75.040383,
        17.710764
      ],
      [
        75.040421,
        17.710285
      ],
      [
        75.040508,
        17.709374
      ],
      [
        75.040612,
        17.708394
      ],
      [
        75.040749,
        17.70704
      ],
      [
        75.040788,
        17.706716
      ],
      [
        75.040842,
        17.706388
      ],
      [
        75.040963,
        17.705802
      ],
      [
        75.04105,
        17.705229
      ],
      [
        75.041156,
        17.704255
      ],
      [
        75.041163,
        17.703968
      ],
      [
        75.041152,
        17.703743
      ],
      [
        75.041114,
        17.703578
      ],
      [
        75.040911,
        17.70309
      ],
      [
        75.04062,
        17.702427
      ],
      [
        75.040408,
        17.701874
      ],
      [
        75.040314,
        17.701573
      ],
      [
        75.040258,
        17.70117
      ],
      [
        75.040218,
        17.700678
      ],
      [
        75.040222,
        17.70042
      ],
      [
        75.040235,
        17.700211
      ],
      [
        75.040488,
        17.698349
      ],
      [
        75.040562,
        17.697979
      ],
      [
        75.040861,
        17.696731
      ],
      [
        75.041099,
        17.695727
      ],
      [
        75.041424,
        17.69413
      ],
      [
        75.041464,
        17.693895
      ],
      [
        75.04148,
        17.693619
      ],
      [
        75.041474,
        17.693414
      ],
      [
        75.041412,
        17.693177
      ],
      [
        75.041343,
        17.692982
      ],
      [
        75.040984,
        17.692126
      ],
      [
        75.040891,
        17.691826
      ],
      [
        75.040851,
        17.691595
      ],
      [
        75.040837,
        17.691389
      ],
      [
        75.04495,
        17.692716
      ],
      [
        75.045791,
        17.692909
      ],
      [
        75.047655,
        17.693264
      ],
      [
        75.050155,
        17.693933
      ],
      [
        75.058624,
        17.696241
      ],
      [
        75.059113,
        17.69636
      ],
      [
        75.064378,
        17.696327
      ],
      [
        75.066964,
        17.696392
      ],
      [
        75.07365,
        17.697731
      ],
      [
        75.07788,
        17.698889
      ],
      [
        75.080207,
        17.699338
      ],
      [
        75.080801,
        17.699452
      ],
      [
        75.081664,
        17.699618
      ],
      [
        75.082207,
        17.699715
      ],
      [
        75.082785,
        17.699776
      ],
      [
        75.083129,
        17.699794
      ],
      [
        75.083463,
        17.699781
      ],
      [
        75.083809,
        17.699746
      ],
      [
        75.084399,
        17.699681
      ],
      [
        75.08583,
        17.699597
      ],
      [
        75.086055,
        17.699553
      ],
      [
        75.086209,
        17.6995
      ],
      [
        75.086386,
        17.699416
      ],
      [
        75.086599,
        17.699313
      ],
      [
        75.086914,
        17.699179
      ],
      [
        75.087146,
        17.699119
      ],
      [
        75.08747,
        17.699092
      ],
      [
        75.087629,
        17.6991
      ],
      [
        75.087798,
        17.699122
      ],
      [
        75.088042,
        17.699173
      ],
      [
        75.088224,
        17.699218
      ],
      [
        75.088468,
        17.699301
      ],
      [
        75.089003,
        17.699473
      ],
      [
        75.089316,
        17.699579
      ],
      [
        75.089718,
        17.699677
      ],
      [
        75.09049,
        17.699796
      ],
      [
        75.092269,
        17.699874
      ],
      [
        75.093528,
        17.699932
      ],
      [
        75.095474,
        17.700052
      ],
      [
        75.099331,
        17.699919
      ],
      [
        75.099814,
        17.699817
      ],
      [
        75.102378,
        17.699101
      ],
      [
        75.104255,
        17.69858
      ],
      [
        75.105114,
        17.698335
      ],
      [
        75.107785,
        17.698427
      ],
      [
        75.110081,
        17.698294
      ],
      [
        75.110532,
        17.698227
      ],
      [
        75.110982,
        17.698161
      ],
      [
        75.114727,
        17.697721
      ],
      [
        75.12199,
        17.696147
      ],
      [
        75.123546,
        17.69582
      ],
      [
        75.123855,
        17.695759
      ],
      [
        75.124286,
        17.695718
      ],
      [
        75.124437,
        17.69571
      ],
      [
        75.124791,
        17.69567
      ],
      [
        75.12511,
        17.695644
      ],
      [
        75.125319,
        17.695608
      ],
      [
        75.125609,
        17.695532
      ],
      [
        75.125917,
        17.695465
      ],
      [
        75.126132,
        17.695401
      ],
      [
        75.126241,
        17.695367
      ],
      [
        75.126374,
        17.695327
      ],
      [
        75.126537,
        17.695262
      ],
      [
        75.126691,
        17.695225
      ],
      [
        75.126807,
        17.695217
      ],
      [
        75.126946,
        17.69522
      ],
      [
        75.12708,
        17.69523
      ],
      [
        75.127242,
        17.695279
      ],
      [
        75.127379,
        17.695305
      ],
      [
        75.127524,
        17.695328
      ],
      [
        75.127684,
        17.695346
      ],
      [
        75.127907,
        17.695357
      ],
      [
        75.1282,
        17.695355
      ],
      [
        75.128243,
        17.696066
      ],
      [
        75.128283,
        17.696448
      ],
      [
        75.128422,
        17.696445
      ],
      [
        75.128476,
        17.696853
      ],
      [
        75.128705,
        17.697426
      ],
      [
        75.128822,
        17.697656
      ],
      [
        75.128896,
        17.697765
      ],
      [
        75.128956,
        17.697816
      ],
      [
        75.129322,
        17.69796
      ],
      [
        75.129354,
        17.697975
      ],
      [
        75.129322,
        17.69796
      ],
      [
        75.128956,
        17.697816
      ],
      [
        75.128896,
        17.697765
      ],
      [
        75.128822,
        17.697656
      ],
      [
        75.128705,
        17.697426
      ],
      [
        75.128476,
        17.696853
      ],
      [
        75.128422,
        17.696445
      ],
      [
        75.128283,
        17.696448
      ],
      [
        75.128243,
        17.696066
      ],
      [
        75.1282,
        17.695355
      ],
      [
        75.12866,
        17.695304
      ],
      [
        75.129844,
        17.695169
      ],
      [
        75.130524,
        17.695049
      ],
      [
        75.130795,
        17.695013
      ],
      [
        75.131347,
        17.694923
      ],
      [
        75.13376,
        17.694563
      ],
      [
        75.135037,
        17.694356
      ],
      [
        75.13553,
        17.694277
      ],
      [
        75.137858,
        17.693919
      ],
      [
        75.139457,
        17.693643
      ],
      [
        75.14113,
        17.693153
      ],
      [
        75.145436,
        17.691964
      ],
      [
        75.148405,
        17.691435
      ],
      [
        75.14996,
        17.691251
      ],
      [
        75.150808,
        17.691098
      ],
      [
        75.151505,
        17.690873
      ],
      [
        75.153351,
        17.690147
      ],
      [
        75.153748,
        17.690025
      ],
      [
        75.154037,
        17.690004
      ],
      [
        75.154831,
        17.689943
      ],
      [
        75.155271,
        17.689963
      ],
      [
        75.155571,
        17.689963
      ],
      [
        75.155722,
        17.689933
      ],
      [
        75.155861,
        17.689841
      ],
      [
        75.156119,
        17.689524
      ],
      [
        75.15717,
        17.688287
      ],
      [
        75.1583,
        17.687518
      ],
      [
        75.158849,
        17.687192
      ],
      [
        75.159041,
        17.687078
      ],
      [
        75.16011,
        17.68658
      ],
      [
        75.160625,
        17.686427
      ],
      [
        75.167942,
        17.683217
      ],
      [
        75.169024,
        17.682775
      ],
      [
        75.169715,
        17.682586
      ],
      [
        75.170324,
        17.682502
      ],
      [
        75.180108,
        17.68106
      ],
      [
        75.181793,
        17.680917
      ],
      [
        75.182898,
        17.680907
      ],
      [
        75.185163,
        17.680858
      ],
      [
        75.18852,
        17.680784
      ],
      [
        75.189517,
        17.680782
      ],
      [
        75.189699,
        17.680772
      ],
      [
        75.190365,
        17.680764
      ],
      [
        75.197371,
        17.680703
      ],
      [
        75.197532,
        17.680682
      ],
      [
        75.197759,
        17.680622
      ],
      [
        75.199246,
        17.679904
      ],
      [
        75.199472,
        17.679783
      ],
      [
        75.199936,
        17.679541
      ],
      [
        75.200535,
        17.679185
      ],
      [
        75.201942,
        17.678793
      ],
      [
        75.202711,
        17.678909
      ],
      [
        75.204936,
        17.679987
      ],
      [
        75.205313,
        17.680125
      ],
      [
        75.205653,
        17.68022
      ],
      [
        75.205859,
        17.680245
      ],
      [
        75.206176,
        17.680267
      ],
      [
        75.207245,
        17.680354
      ],
      [
        75.207733,
        17.680398
      ],
      [
        75.208092,
        17.680433
      ],
      [
        75.208406,
        17.680423
      ],
      [
        75.209027,
        17.680373
      ],
      [
        75.209456,
        17.680332
      ],
      [
        75.209712,
        17.680343
      ],
      [
        75.20988,
        17.680366
      ],
      [
        75.210692,
        17.680558
      ],
      [
        75.211517,
        17.680732
      ],
      [
        75.21183,
        17.68078
      ],
      [
        75.212365,
        17.680837
      ],
      [
        75.212726,
        17.680852
      ],
      [
        75.213015,
        17.680849
      ],
      [
        75.213372,
        17.680842
      ],
      [
        75.215323,
        17.680752
      ],
      [
        75.215705,
        17.680731
      ],
      [
        75.216029,
        17.680718
      ],
      [
        75.216959,
        17.680651
      ],
      [
        75.217885,
        17.680571
      ],
      [
        75.218677,
        17.680504
      ],
      [
        75.219815,
        17.680432
      ],
      [
        75.220607,
        17.680369
      ],
      [
        75.221914,
        17.68028
      ],
      [
        75.222473,
        17.68024
      ],
      [
        75.223554,
        17.680171
      ],
      [
        75.224484,
        17.680102
      ],
      [
        75.225508,
        17.680052
      ],
      [
        75.226897,
        17.679947
      ],
      [
        75.228835,
        17.679774
      ],
      [
        75.229155,
        17.679757
      ],
      [
        75.229569,
        17.679775
      ],
      [
        75.229912,
        17.679808
      ],
      [
        75.230435,
        17.679912
      ],
      [
        75.231501,
        17.680092
      ],
      [
        75.232725,
        17.680303
      ],
      [
        75.233446,
        17.68043
      ],
      [
        75.234124,
        17.680549
      ],
      [
        75.234516,
        17.680619
      ],
      [
        75.235331,
        17.680764
      ],
      [
        75.235673,
        17.680841
      ],
      [
        75.23657,
        17.681077
      ],
      [
        75.241498,
        17.682565
      ],
      [
        75.244571,
        17.683421
      ],
      [
        75.24591,
        17.68373
      ],
      [
        75.247053,
        17.683854
      ],
      [
        75.251759,
        17.684089
      ],
      [
        75.256757,
        17.684524
      ],
      [
        75.258284,
        17.684657
      ],
      [
        75.258992,
        17.684719
      ],
      [
        75.26209,
        17.685447
      ],
      [
        75.270302,
        17.687588
      ],
      [
        75.270799,
        17.687743
      ],
      [
        75.278512,
        17.690105
      ],
      [
        75.278677,
        17.690174
      ],
      [
        75.279075,
        17.689988
      ],
      [
        75.279665,
        17.689725
      ],
      [
        75.280435,
        17.68938
      ],
      [
        75.281191,
        17.689028
      ],
      [
        75.281709,
        17.688768
      ],
      [
        75.281969,
        17.688592
      ],
      [
        75.282019,
        17.688546
      ],
      [
        75.282096,
        17.688476
      ],
      [
        75.282215,
        17.688279
      ],
      [
        75.282352,
        17.688026
      ],
      [
        75.282456,
        17.687742
      ],
      [
        75.282502,
        17.687579
      ],
      [
        75.282539,
        17.687385
      ],
      [
        75.282564,
        17.687249
      ],
      [
        75.282654,
        17.68694
      ],
      [
        75.282772,
        17.686595
      ],
      [
        75.282805,
        17.6865
      ],
      [
        75.282918,
        17.686264
      ],
      [
        75.283021,
        17.686079
      ],
      [
        75.283206,
        17.685906
      ],
      [
        75.283371,
        17.685825
      ],
      [
        75.28374,
        17.685717
      ],
      [
        75.284437,
        17.685554
      ],
      [
        75.284943,
        17.685444
      ],
      [
        75.285237,
        17.685397
      ],
      [
        75.286429,
        17.685254
      ],
      [
        75.286825,
        17.685216
      ],
      [
        75.286959,
        17.685221
      ],
      [
        75.287121,
        17.685252
      ],
      [
        75.287291,
        17.685279
      ],
      [
        75.287384,
        17.685289
      ],
      [
        75.290369,
        17.68517
      ],
      [
        75.29108,
        17.685118
      ],
      [
        75.291885,
        17.685037
      ],
      [
        75.292684,
        17.684901
      ],
      [
        75.293792,
        17.684691
      ],
      [
        75.294658,
        17.68453
      ],
      [
        75.295988,
        17.684368
      ],
      [
        75.296901,
        17.684261
      ],
      [
        75.296984,
        17.684251
      ],
      [
        75.298113,
        17.684097
      ],
      [
        75.2986,
        17.684008
      ],
      [
        75.300026,
        17.683673
      ],
      [
        75.301172,
        17.683404
      ],
      [
        75.301796,
        17.683257
      ],
      [
        75.302617,
        17.683064
      ],
      [
        75.303011,
        17.682971
      ],
      [
        75.303391,
        17.682882
      ],
      [
        75.303737,
        17.6828
      ],
      [
        75.304023,
        17.682733
      ],
      [
        75.304934,
        17.682519
      ],
      [
        75.306053,
        17.682256
      ],
      [
        75.30716,
        17.681996
      ],
      [
        75.307794,
        17.681847
      ],
      [
        75.308203,
        17.681751
      ],
      [
        75.308642,
        17.681648
      ],
      [
        75.30919,
        17.681539
      ],
      [
        75.309908,
        17.681422
      ],
      [
        75.311162,
        17.68123
      ],
      [
        75.3126,
        17.681026
      ],
      [
        75.313651,
        17.680872
      ],
      [
        75.315209,
        17.680668
      ],
      [
        75.315405,
        17.680579
      ],
      [
        75.316303,
        17.680485
      ],
      [
        75.316817,
        17.680456
      ],
      [
        75.317438,
        17.680472
      ],
      [
        75.318535,
        17.680499
      ],
      [
        75.318905,
        17.680509
      ],
      [
        75.318961,
        17.68051
      ],
      [
        75.319318,
        17.680519
      ],
      [
        75.322795,
        17.680605
      ],
      [
        75.323613,
        17.680637
      ],
      [
        75.325163,
        17.680701
      ],
      [
        75.325629,
        17.68072
      ],
      [
        75.325713,
        17.68074
      ],
      [
        75.325992,
        17.680704
      ],
      [
        75.326172,
        17.680669
      ],
      [
        75.326411,
        17.680604
      ],
      [
        75.32674,
        17.680511
      ],
      [
        75.326766,
        17.680538
      ],
      [
        75.3268,
        17.680555
      ],
      [
        75.326838,
        17.68056
      ],
      [
        75.326876,
        17.680553
      ],
      [
        75.326894,
        17.680542
      ],
      [
        75.326947,
        17.680648
      ],
      [
        75.327096,
        17.680741
      ],
      [
        75.327306,
        17.680783
      ],
      [
        75.32749,
        17.680793
      ],
      [
        75.328157,
        17.680816
      ],
      [
        75.328718,
        17.680835
      ],
      [
        75.328779,
        17.680837
      ],
      [
        75.329369,
        17.680857
      ],
      [
        75.329407,
        17.68086
      ],
      [
        75.329658,
        17.680867
      ],
      [
        75.329965,
        17.680878
      ],
      [
        75.330524,
        17.680897
      ],
      [
        75.331177,
        17.680919
      ],
      [
        75.331266,
        17.680923
      ],
      [
        75.331455,
        17.680413
      ],
      [
        75.331585,
        17.680062
      ],
      [
        75.33172,
        17.679697
      ],
      [
        75.331826,
        17.679458
      ],
      [
        75.331837,
        17.678873
      ],
      [
        75.331899,
        17.678637
      ],
      [
        75.332014,
        17.678354
      ],
      [
        75.332158,
        17.678043
      ],
      [
        75.332302,
        17.677791
      ],
      [
        75.332432,
        17.677567
      ],
      [
        75.332528,
        17.677306
      ],
      [
        75.332641,
        17.676983
      ],
      [
        75.33268,
        17.676994
      ],
      [
        75.33272,
        17.676992
      ],
      [
        75.332755,
        17.676978
      ],
      [
        75.332784,
        17.676955
      ],
      [
        75.332803,
        17.676925
      ],
      [
        75.333138,
        17.677009
      ],
      [
        75.33343,
        17.677101
      ],
      [
        75.333424,
        17.677135
      ],
      [
        75.333429,
        17.677169
      ],
      [
        75.333446,
        17.6772
      ],
      [
        75.333471,
        17.677224
      ],
      [
        75.333504,
        17.677238
      ],
      [
        75.333541,
        17.677242
      ],
      [
        75.333577,
        17.677235
      ],
      [
        75.333608,
        17.677216
      ],
      [
        75.333632,
        17.677188
      ],
      [
        75.334122,
        17.677256
      ],
      [
        75.334251,
        17.677279
      ],
      [
        75.334685,
        17.677356
      ],
      [
        75.334977,
        17.677408
      ],
      [
        75.334961,
        17.677619
      ],
      [
        75.334958,
        17.677663
      ],
      [
        75.335038,
        17.677659
      ],
      [
        75.335225,
        17.677651
      ]
    ]
  }
}